zipcode,Period,Region,MSP
91932,2012-Q1,Egger Highlands,260667.0
91932,2012-Q2,Egger Highlands,264333.0
91932,2012-Q3,Egger Highlands,249667.0
91932,2012-Q4,Egger Highlands,271667.0
91932,2013-Q1,Egger Highlands,282333.0
91932,2013-Q2,Egger Highlands,291667.0
91932,2013-Q3,Egger Highlands,334667.0
91932,2013-Q4,Egger Highlands,334333.0
91932,2014-Q1,Egger Highlands,315667.0
91932,2014-Q2,Egger Highlands,342667.0
91932,2014-Q3,Egger Highlands,341667.0
91932,2014-Q4,Egger Highlands,356667.0
91932,2015-Q1,Egger Highlands,376000.0
91932,2015-Q2,Egger Highlands,391667.0
91932,2015-Q3,Egger Highlands,395333.0
91932,2015-Q4,Egger Highlands,378667.0
91932,2016-Q1,Egger Highlands,414000.0
91932,2016-Q2,Egger Highlands,413667.0
91932,2016-Q3,Egger Highlands,423333.0
91932,2016-Q4,Egger Highlands,442333.0
91932,2017-Q1,Egger Highlands,434667.0
91932,2017-Q2,Egger Highlands,449667.0
91932,2017-Q3,Egger Highlands,450000.0
91932,2017-Q4,Egger Highlands,460667.0
91932,2018-Q1,Egger Highlands,475333.0
91932,2018-Q2,Egger Highlands,485000.0
92014,2012-Q1,Del Mar Heights,801333.0
92014,2012-Q2,Del Mar Heights,931333.0
92014,2012-Q3,Del Mar Heights,922000.0
92014,2012-Q4,Del Mar Heights,813333.0
92014,2013-Q1,Del Mar Heights,851333.0
92014,2013-Q2,Del Mar Heights,1049333.0
92014,2013-Q3,Del Mar Heights,1087333.0
92014,2013-Q4,Del Mar Heights,1038667.0
92014,2014-Q1,Del Mar Heights,1283333.0
92014,2014-Q2,Del Mar Heights,1230000.0
92014,2014-Q3,Del Mar Heights,1063667.0
92014,2014-Q4,Del Mar Heights,1032667.0
92014,2015-Q1,Del Mar Heights,1336000.0
92014,2015-Q2,Del Mar Heights,1177667.0
92014,2015-Q3,Del Mar Heights,1072667.0
92014,2015-Q4,Del Mar Heights,1198000.0
92014,2016-Q1,Del Mar Heights,1167333.0
92014,2016-Q2,Del Mar Heights,1256000.0
92014,2016-Q3,Del Mar Heights,1212667.0
92014,2016-Q4,Del Mar Heights,1483333.0
92014,2017-Q1,Del Mar Heights,1299333.0
92014,2017-Q2,Del Mar Heights,1361000.0
92014,2017-Q3,Del Mar Heights,1398333.0
92014,2017-Q4,Del Mar Heights,1310000.0
92014,2018-Q1,Del Mar Heights,1466333.0
92014,2018-Q2,Del Mar Heights,1275000.0
92025,2012-Q1,San Pasqual,579333.0
92025,2012-Q2,San Pasqual,657667.0
92025,2012-Q3,San Pasqual,508333.0
92025,2012-Q4,San Pasqual,625000.0
92025,2013-Q1,San Pasqual,606000.0
92025,2013-Q2,San Pasqual,557000.0
92025,2013-Q3,San Pasqual,611333.0
92025,2013-Q4,San Pasqual,615000.0
92025,2014-Q1,San Pasqual,657667.0
92025,2014-Q2,San Pasqual,588000.0
92025,2014-Q3,San Pasqual,575667.0
92025,2014-Q4,San Pasqual,560000.0
92025,2015-Q1,San Pasqual,531333.0
92025,2015-Q2,San Pasqual,660667.0
92025,2015-Q3,San Pasqual,571000.0
92025,2015-Q4,San Pasqual,546000.0
92025,2016-Q1,San Pasqual,720000.0
92025,2016-Q2,San Pasqual,623333.0
92025,2016-Q3,San Pasqual,619667.0
92025,2016-Q4,San Pasqual,655667.0
92025,2017-Q1,San Pasqual,725000.0
92025,2017-Q2,San Pasqual,636000.0
92025,2017-Q3,San Pasqual,744333.0
92025,2017-Q4,San Pasqual,615667.0
92025,2018-Q1,San Pasqual,659000.0
92025,2018-Q2,San Pasqual,640000.0
92037,2012-Q1,La Jolla,816333.0
92037,2012-Q1,"San Diego, CA - Beach Barber",805000.0
92037,2012-Q1,"San Diego, CA - Muirlands",1536000.0
92037,2012-Q1,"San Diego, CA - Soledad South",717667.0
92037,2012-Q2,La Jolla,967000.0
92037,2012-Q2,"San Diego, CA - Beach Barber",1113667.0
92037,2012-Q2,"San Diego, CA - Muirlands",1435000.0
92037,2012-Q2,"San Diego, CA - Soledad South",707667.0
92037,2012-Q3,La Jolla,838000.0
92037,2012-Q3,"San Diego, CA - Beach Barber",1161667.0
92037,2012-Q3,"San Diego, CA - Muirlands",1261667.0
92037,2012-Q3,"San Diego, CA - Soledad South",702667.0
92037,2012-Q4,La Jolla,860333.0
92037,2012-Q4,"San Diego, CA - Beach Barber",1099000.0
92037,2012-Q4,"San Diego, CA - Muirlands",1716667.0
92037,2012-Q4,"San Diego, CA - Soledad South",897667.0
92037,2013-Q1,La Jolla,926000.0
92037,2013-Q1,"San Diego, CA - Beach Barber",876333.0
92037,2013-Q1,"San Diego, CA - Muirlands",2021667.0
92037,2013-Q1,"San Diego, CA - Soledad South",863667.0
92037,2013-Q2,La Jolla,908000.0
92037,2013-Q2,"San Diego, CA - Beach Barber",1037667.0
92037,2013-Q2,"San Diego, CA - Muirlands",1872667.0
92037,2013-Q2,"San Diego, CA - Soledad South",824667.0
92037,2013-Q3,La Jolla,909667.0
92037,2013-Q3,"San Diego, CA - Beach Barber",1185333.0
92037,2013-Q3,"San Diego, CA - Muirlands",1791000.0
92037,2013-Q3,"San Diego, CA - Soledad South",913333.0
92037,2013-Q4,La Jolla,981333.0
92037,2013-Q4,"San Diego, CA - Beach Barber",1021667.0
92037,2013-Q4,"San Diego, CA - Muirlands",2086000.0
92037,2013-Q4,"San Diego, CA - Soledad South",966000.0
92037,2014-Q1,La Jolla,1093333.0
92037,2014-Q1,"San Diego, CA - Beach Barber",1431667.0
92037,2014-Q1,"San Diego, CA - Muirlands",2103000.0
92037,2014-Q1,"San Diego, CA - Soledad South",1043333.0
92037,2014-Q2,La Jolla,931667.0
92037,2014-Q2,"San Diego, CA - Beach Barber",864333.0
92037,2014-Q2,"San Diego, CA - Muirlands",2090000.0
92037,2014-Q2,"San Diego, CA - Soledad South",998333.0
92037,2014-Q3,La Jolla,955333.0
92037,2014-Q3,"San Diego, CA - Beach Barber",1066667.0
92037,2014-Q3,"San Diego, CA - Muirlands",2468333.0
92037,2014-Q3,"San Diego, CA - Soledad South",894000.0
92037,2014-Q4,La Jolla,1062000.0
92037,2014-Q4,"San Diego, CA - Beach Barber",1091667.0
92037,2014-Q4,"San Diego, CA - Muirlands",1904667.0
92037,2014-Q4,"San Diego, CA - Soledad South",1045000.0
92037,2015-Q1,La Jolla,1196667.0
92037,2015-Q1,"San Diego, CA - Beach Barber",932333.0
92037,2015-Q1,"San Diego, CA - Muirlands",1898000.0
92037,2015-Q1,"San Diego, CA - Soledad South",969667.0
92037,2015-Q2,La Jolla,1133333.0
92037,2015-Q2,"San Diego, CA - Beach Barber",840333.0
92037,2015-Q2,"San Diego, CA - Muirlands",2023000.0
92037,2015-Q2,"San Diego, CA - Soledad South",1153667.0
92037,2015-Q3,La Jolla,1100000.0
92037,2015-Q3,"San Diego, CA - Beach Barber",1333667.0
92037,2015-Q3,"San Diego, CA - Muirlands",2092000.0
92037,2015-Q3,"San Diego, CA - Soledad South",1041000.0
92037,2015-Q4,La Jolla,1120333.0
92037,2015-Q4,"San Diego, CA - Beach Barber",1401667.0
92037,2015-Q4,"San Diego, CA - Muirlands",2274000.0
92037,2015-Q4,"San Diego, CA - Soledad South",1188667.0
92037,2016-Q1,La Jolla,1109000.0
92037,2016-Q1,"San Diego, CA - Beach Barber",1335667.0
92037,2016-Q1,"San Diego, CA - Muirlands",1883333.0
92037,2016-Q1,"San Diego, CA - Soledad South",897000.0
92037,2016-Q2,La Jolla,1143667.0
92037,2016-Q2,"San Diego, CA - Beach Barber",1292000.0
92037,2016-Q2,"San Diego, CA - Muirlands",2019333.0
92037,2016-Q2,"San Diego, CA - Soledad South",1123333.0
92037,2016-Q3,La Jolla,986667.0
92037,2016-Q3,"San Diego, CA - Beach Barber",1355000.0
92037,2016-Q3,"San Diego, CA - Muirlands",2866667.0
92037,2016-Q3,"San Diego, CA - Soledad South",1057667.0
92037,2016-Q4,La Jolla,1037667.0
92037,2016-Q4,"San Diego, CA - Beach Barber",1352000.0
92037,2016-Q4,"San Diego, CA - Muirlands",1762667.0
92037,2016-Q4,"San Diego, CA - Soledad South",1060000.0
92037,2017-Q1,La Jolla,1106000.0
92037,2017-Q1,"San Diego, CA - Beach Barber",1302667.0
92037,2017-Q1,"San Diego, CA - Muirlands",2163333.0
92037,2017-Q1,"San Diego, CA - Soledad South",1079333.0
92037,2017-Q2,La Jolla,1245000.0
92037,2017-Q2,"San Diego, CA - Beach Barber",1022333.0
92037,2017-Q2,"San Diego, CA - Muirlands",2479333.0
92037,2017-Q2,"San Diego, CA - Soledad South",1096667.0
92037,2017-Q3,La Jolla,1183333.0
92037,2017-Q3,"San Diego, CA - Beach Barber",1665000.0
92037,2017-Q3,"San Diego, CA - Muirlands",2353333.0
92037,2017-Q3,"San Diego, CA - Soledad South",970333.0
92037,2017-Q4,La Jolla,1240667.0
92037,2017-Q4,"San Diego, CA - Beach Barber",1434333.0
92037,2017-Q4,"San Diego, CA - Muirlands",2078333.0
92037,2017-Q4,"San Diego, CA - Soledad South",1092667.0
92037,2018-Q1,La Jolla,1238000.0
92037,2018-Q1,"San Diego, CA - Beach Barber",1689667.0
92037,2018-Q1,"San Diego, CA - Muirlands",2542333.0
92037,2018-Q1,"San Diego, CA - Soledad South",1188333.0
92037,2018-Q2,La Jolla,1305000.0
92037,2018-Q2,"San Diego, CA - Beach Barber",1643000.0
92037,2018-Q2,"San Diego, CA - Muirlands",2330000.0
92037,2018-Q2,"San Diego, CA - Soledad South",1375000.0
92071,2012-Q1,San Carlos,317667.0
92071,2012-Q2,San Carlos,282000.0
92071,2012-Q3,San Carlos,353667.0
92071,2012-Q4,San Carlos,279000.0
92071,2013-Q1,San Carlos,373000.0
92071,2013-Q2,San Carlos,426667.0
92071,2013-Q3,San Carlos,432667.0
92071,2013-Q4,San Carlos,373667.0
92071,2014-Q1,San Carlos,338333.0
92071,2014-Q2,San Carlos,438333.0
92071,2014-Q3,San Carlos,399000.0
92071,2014-Q4,San Carlos,449000.0
92071,2015-Q1,San Carlos,489333.0
92071,2015-Q2,San Carlos,481333.0
92071,2015-Q3,San Carlos,493333.0
92071,2015-Q4,San Carlos,520667.0
92071,2016-Q1,San Carlos,526333.0
92071,2016-Q2,San Carlos,458667.0
92071,2016-Q3,San Carlos,534667.0
92071,2016-Q4,San Carlos,531667.0
92071,2017-Q1,San Carlos,445667.0
92071,2017-Q2,San Carlos,514333.0
92071,2017-Q3,San Carlos,519333.0
92071,2017-Q4,San Carlos,481667.0
92071,2018-Q1,San Carlos,446000.0
92071,2018-Q2,San Carlos,585000.0
92101,2012-Q1,Core-Columbia,419000.0
92101,2012-Q1,Cortez,250000.0
92101,2012-Q1,East Village,315000.0
92101,2012-Q1,Gaslamp,207333.0
92101,2012-Q1,Harborview,327000.0
92101,2012-Q1,Little Italy,224000.0
92101,2012-Q1,Marina,500000.0
92101,2012-Q2,Core-Columbia,511667.0
92101,2012-Q2,Cortez,266333.0
92101,2012-Q2,East Village,350000.0
92101,2012-Q2,Gaslamp,194333.0
92101,2012-Q2,Harborview,474667.0
92101,2012-Q2,Little Italy,281667.0
92101,2012-Q2,Marina,507667.0
92101,2012-Q3,Core-Columbia,604667.0
92101,2012-Q3,Cortez,358000.0
92101,2012-Q3,East Village,362667.0
92101,2012-Q3,Gaslamp,212667.0
92101,2012-Q3,Harborview,541333.0
92101,2012-Q3,Little Italy,289333.0
92101,2012-Q3,Marina,565000.0
92101,2012-Q4,Core-Columbia,561667.0
92101,2012-Q4,Cortez,315333.0
92101,2012-Q4,East Village,363000.0
92101,2012-Q4,Gaslamp,245667.0
92101,2012-Q4,Harborview,487000.0
92101,2012-Q4,Little Italy,339333.0
92101,2012-Q4,Marina,486667.0
92101,2013-Q1,Core-Columbia,562667.0
92101,2013-Q1,Cortez,322667.0
92101,2013-Q1,East Village,336667.0
92101,2013-Q1,Gaslamp,288667.0
92101,2013-Q1,Harborview,415000.0
92101,2013-Q1,Little Italy,316667.0
92101,2013-Q1,Marina,556000.0
92101,2013-Q2,Core-Columbia,649333.0
92101,2013-Q2,Cortez,359667.0
92101,2013-Q2,East Village,377333.0
92101,2013-Q2,Gaslamp,253667.0
92101,2013-Q2,Harborview,560667.0
92101,2013-Q2,Little Italy,387667.0
92101,2013-Q2,Marina,589000.0
92101,2013-Q3,Core-Columbia,555333.0
92101,2013-Q3,Cortez,381667.0
92101,2013-Q3,East Village,377667.0
92101,2013-Q3,Gaslamp,300667.0
92101,2013-Q3,Harborview,645000.0
92101,2013-Q3,Little Italy,397000.0
92101,2013-Q3,Marina,663000.0
92101,2013-Q4,Core-Columbia,680333.0
92101,2013-Q4,Cortez,391667.0
92101,2013-Q4,East Village,431667.0
92101,2013-Q4,Gaslamp,351000.0
92101,2013-Q4,Harborview,610000.0
92101,2013-Q4,Little Italy,403667.0
92101,2013-Q4,Marina,623333.0
92101,2014-Q1,Core-Columbia,485333.0
92101,2014-Q1,Cortez,407333.0
92101,2014-Q1,East Village,412333.0
92101,2014-Q1,Gaslamp,317667.0
92101,2014-Q1,Harborview,488667.0
92101,2014-Q1,Little Italy,381333.0
92101,2014-Q1,Marina,672667.0
92101,2014-Q2,Core-Columbia,508667.0
92101,2014-Q2,Cortez,410000.0
92101,2014-Q2,East Village,443333.0
92101,2014-Q2,Gaslamp,311333.0
92101,2014-Q2,Harborview,583333.0
92101,2014-Q2,Little Italy,399333.0
92101,2014-Q2,Marina,710333.0
92101,2014-Q3,Core-Columbia,631000.0
92101,2014-Q3,Cortez,380333.0
92101,2014-Q3,East Village,445333.0
92101,2014-Q3,Gaslamp,325667.0
92101,2014-Q3,Harborview,510000.0
92101,2014-Q3,Little Italy,381333.0
92101,2014-Q3,Marina,596667.0
92101,2014-Q4,Core-Columbia,640000.0
92101,2014-Q4,Cortez,423667.0
92101,2014-Q4,East Village,474000.0
92101,2014-Q4,Gaslamp,310667.0
92101,2014-Q4,Harborview,632667.0
92101,2014-Q4,Little Italy,393667.0
92101,2014-Q4,Marina,606667.0
92101,2015-Q1,Core-Columbia,537667.0
92101,2015-Q1,Cortez,430667.0
92101,2015-Q1,East Village,461000.0
92101,2015-Q1,Gaslamp,334333.0
92101,2015-Q1,Harborview,625667.0
92101,2015-Q1,Little Italy,451667.0
92101,2015-Q1,Marina,611333.0
92101,2015-Q2,Core-Columbia,732667.0
92101,2015-Q2,Cortez,373333.0
92101,2015-Q2,East Village,451667.0
92101,2015-Q2,Gaslamp,356333.0
92101,2015-Q2,Harborview,394000.0
92101,2015-Q2,Little Italy,447667.0
92101,2015-Q2,Marina,646333.0
92101,2015-Q3,Core-Columbia,763333.0
92101,2015-Q3,Cortez,388000.0
92101,2015-Q3,East Village,445333.0
92101,2015-Q3,Gaslamp,345000.0
92101,2015-Q3,Harborview,614333.0
92101,2015-Q3,Little Italy,442667.0
92101,2015-Q3,Marina,633000.0
92101,2015-Q4,Core-Columbia,699000.0
92101,2015-Q4,Cortez,386333.0
92101,2015-Q4,East Village,448667.0
92101,2015-Q4,Gaslamp,371000.0
92101,2015-Q4,Harborview,555333.0
92101,2015-Q4,Little Italy,449000.0
92101,2015-Q4,Marina,658667.0
92101,2016-Q1,Core-Columbia,589667.0
92101,2016-Q1,Cortez,346333.0
92101,2016-Q1,East Village,413333.0
92101,2016-Q1,Gaslamp,362333.0
92101,2016-Q1,Harborview,412000.0
92101,2016-Q1,Little Italy,439000.0
92101,2016-Q1,Marina,660667.0
92101,2016-Q2,Core-Columbia,655000.0
92101,2016-Q2,Cortez,386333.0
92101,2016-Q2,East Village,444333.0
92101,2016-Q2,Gaslamp,496000.0
92101,2016-Q2,Harborview,509333.0
92101,2016-Q2,Little Italy,501000.0
92101,2016-Q2,Marina,619667.0
92101,2016-Q3,Core-Columbia,837667.0
92101,2016-Q3,Cortez,451667.0
92101,2016-Q3,East Village,426333.0
92101,2016-Q3,Gaslamp,423667.0
92101,2016-Q3,Harborview,674333.0
92101,2016-Q3,Little Italy,480000.0
92101,2016-Q3,Marina,622667.0
92101,2016-Q4,Core-Columbia,762667.0
92101,2016-Q4,Cortez,432667.0
92101,2016-Q4,East Village,461333.0
92101,2016-Q4,Gaslamp,419333.0
92101,2016-Q4,Harborview,571667.0
92101,2016-Q4,Little Italy,467667.0
92101,2016-Q4,Marina,642000.0
92101,2017-Q1,Core-Columbia,616333.0
92101,2017-Q1,Cortez,401333.0
92101,2017-Q1,East Village,524333.0
92101,2017-Q1,Gaslamp,436333.0
92101,2017-Q1,Harborview,661000.0
92101,2017-Q1,Little Italy,460667.0
92101,2017-Q1,Marina,660333.0
92101,2017-Q2,Core-Columbia,663000.0
92101,2017-Q2,Cortez,423000.0
92101,2017-Q2,East Village,486000.0
92101,2017-Q2,Gaslamp,441667.0
92101,2017-Q2,Harborview,574000.0
92101,2017-Q2,Little Italy,492667.0
92101,2017-Q2,Marina,613000.0
92101,2017-Q3,Core-Columbia,725000.0
92101,2017-Q3,Cortez,451000.0
92101,2017-Q3,East Village,501000.0
92101,2017-Q3,Gaslamp,398333.0
92101,2017-Q3,Harborview,490000.0
92101,2017-Q3,Little Italy,494333.0
92101,2017-Q3,Marina,708333.0
92101,2017-Q4,Core-Columbia,705000.0
92101,2017-Q4,Cortez,459000.0
92101,2017-Q4,East Village,486333.0
92101,2017-Q4,Gaslamp,435000.0
92101,2017-Q4,Harborview,698333.0
92101,2017-Q4,Little Italy,484333.0
92101,2017-Q4,Marina,673667.0
92101,2018-Q1,Core-Columbia,548333.0
92101,2018-Q1,Cortez,441667.0
92101,2018-Q1,East Village,453333.0
92101,2018-Q1,Gaslamp,439000.0
92101,2018-Q1,Harborview,702333.0
92101,2018-Q1,Little Italy,526000.0
92101,2018-Q1,Marina,682333.0
92101,2018-Q2,Core-Columbia,513000.0
92101,2018-Q2,Cortez,438000.0
92101,2018-Q2,East Village,450000.0
92101,2018-Q2,Gaslamp,425000.0
92101,2018-Q2,Harborview,870000.0
92101,2018-Q2,Little Italy,555000.0
92101,2018-Q2,Marina,640000.0
92102,2012-Q1,Chollas View,166667.0
92102,2012-Q1,Golden Hill,270000.0
92102,2012-Q1,Lincoln Park,200333.0
92102,2012-Q1,Mt Hope,157000.0
92102,2012-Q1,Stockton,254333.0
92102,2012-Q2,Chollas View,166000.0
92102,2012-Q2,Golden Hill,329000.0
92102,2012-Q2,Lincoln Park,246333.0
92102,2012-Q2,Mt Hope,161667.0
92102,2012-Q2,Stockton,197667.0
92102,2012-Q3,Chollas View,208333.0
92102,2012-Q3,Golden Hill,214000.0
92102,2012-Q3,Lincoln Park,236667.0
92102,2012-Q3,Mt Hope,212000.0
92102,2012-Q3,Stockton,218000.0
92102,2012-Q4,Chollas View,218333.0
92102,2012-Q4,Golden Hill,305000.0
92102,2012-Q4,Lincoln Park,245333.0
92102,2012-Q4,Mt Hope,231667.0
92102,2012-Q4,Stockton,152000.0
92102,2013-Q1,Chollas View,201667.0
92102,2013-Q1,Golden Hill,232333.0
92102,2013-Q1,Lincoln Park,253333.0
92102,2013-Q1,Mt Hope,217667.0
92102,2013-Q1,Stockton,159667.0
92102,2013-Q2,Chollas View,163667.0
92102,2013-Q2,Golden Hill,371667.0
92102,2013-Q2,Lincoln Park,267000.0
92102,2013-Q2,Mt Hope,228000.0
92102,2013-Q2,Stockton,178333.0
92102,2013-Q3,Chollas View,207667.0
92102,2013-Q3,Golden Hill,307667.0
92102,2013-Q3,Lincoln Park,247000.0
92102,2013-Q3,Mt Hope,252333.0
92102,2013-Q3,Stockton,219667.0
92102,2013-Q4,Chollas View,201667.0
92102,2013-Q4,Golden Hill,318333.0
92102,2013-Q4,Lincoln Park,299000.0
92102,2013-Q4,Mt Hope,242000.0
92102,2013-Q4,Stockton,285667.0
92102,2014-Q1,Chollas View,287000.0
92102,2014-Q1,Golden Hill,252333.0
92102,2014-Q1,Lincoln Park,284000.0
92102,2014-Q1,Mt Hope,282000.0
92102,2014-Q1,Stockton,314667.0
92102,2014-Q2,Chollas View,240000.0
92102,2014-Q2,Golden Hill,371667.0
92102,2014-Q2,Lincoln Park,273000.0
92102,2014-Q2,Mt Hope,278333.0
92102,2014-Q2,Stockton,274000.0
92102,2014-Q3,Chollas View,245333.0
92102,2014-Q3,Golden Hill,419000.0
92102,2014-Q3,Lincoln Park,275000.0
92102,2014-Q3,Mt Hope,297667.0
92102,2014-Q3,Stockton,349333.0
92102,2014-Q4,Chollas View,316000.0
92102,2014-Q4,Golden Hill,365667.0
92102,2014-Q4,Lincoln Park,252333.0
92102,2014-Q4,Mt Hope,293333.0
92102,2014-Q4,Stockton,276667.0
92102,2015-Q1,Chollas View,229000.0
92102,2015-Q1,Golden Hill,434333.0
92102,2015-Q1,Lincoln Park,311000.0
92102,2015-Q1,Mt Hope,300000.0
92102,2015-Q1,Stockton,302000.0
92102,2015-Q2,Chollas View,328667.0
92102,2015-Q2,Golden Hill,434333.0
92102,2015-Q2,Lincoln Park,285667.0
92102,2015-Q2,Mt Hope,298667.0
92102,2015-Q2,Stockton,306667.0
92102,2015-Q3,Chollas View,300667.0
92102,2015-Q3,Golden Hill,336667.0
92102,2015-Q3,Lincoln Park,320333.0
92102,2015-Q3,Mt Hope,312667.0
92102,2015-Q3,Stockton,359000.0
92102,2015-Q4,Chollas View,358000.0
92102,2015-Q4,Golden Hill,315667.0
92102,2015-Q4,Lincoln Park,296667.0
92102,2015-Q4,Mt Hope,284000.0
92102,2015-Q4,Stockton,492667.0
92102,2016-Q1,Chollas View,317667.0
92102,2016-Q1,Golden Hill,374333.0
92102,2016-Q1,Lincoln Park,270333.0
92102,2016-Q1,Mt Hope,296000.0
92102,2016-Q1,Stockton,424333.0
92102,2016-Q2,Chollas View,356333.0
92102,2016-Q2,Golden Hill,333333.0
92102,2016-Q2,Lincoln Park,340333.0
92102,2016-Q2,Mt Hope,390000.0
92102,2016-Q2,Stockton,425333.0
92102,2016-Q3,Chollas View,301000.0
92102,2016-Q3,Golden Hill,338667.0
92102,2016-Q3,Lincoln Park,367333.0
92102,2016-Q3,Mt Hope,380000.0
92102,2016-Q3,Stockton,440333.0
92102,2016-Q4,Chollas View,327000.0
92102,2016-Q4,Golden Hill,378667.0
92102,2016-Q4,Lincoln Park,382000.0
92102,2016-Q4,Mt Hope,385000.0
92102,2016-Q4,Stockton,377667.0
92102,2017-Q1,Chollas View,360000.0
92102,2017-Q1,Golden Hill,443333.0
92102,2017-Q1,Lincoln Park,393333.0
92102,2017-Q1,Mt Hope,408000.0
92102,2017-Q1,Stockton,450000.0
92102,2017-Q2,Chollas View,354333.0
92102,2017-Q2,Golden Hill,387333.0
92102,2017-Q2,Lincoln Park,412000.0
92102,2017-Q2,Mt Hope,421333.0
92102,2017-Q2,Stockton,446333.0
92102,2017-Q3,Chollas View,360000.0
92102,2017-Q3,Golden Hill,450333.0
92102,2017-Q3,Lincoln Park,393333.0
92102,2017-Q3,Mt Hope,411000.0
92102,2017-Q3,Stockton,508667.0
92102,2017-Q4,Chollas View,445667.0
92102,2017-Q4,Golden Hill,523333.0
92102,2017-Q4,Lincoln Park,435000.0
92102,2017-Q4,Mt Hope,388667.0
92102,2017-Q4,Stockton,446667.0
92102,2018-Q1,Chollas View,409333.0
92102,2018-Q1,Golden Hill,431667.0
92102,2018-Q1,Lincoln Park,406000.0
92102,2018-Q1,Mt Hope,377333.0
92102,2018-Q1,Stockton,433333.0
92102,2018-Q2,Chollas View,460000.0
92102,2018-Q2,Golden Hill,405000.0
92102,2018-Q2,Lincoln Park,445000.0
92102,2018-Q2,Mt Hope,385000.0
92102,2018-Q2,Stockton,430000.0
92103,2012-Q1,Hillcrest,324000.0
92103,2012-Q1,Midtown,503000.0
92103,2012-Q1,Mission Hills,742667.0
92103,2012-Q1,Park West,401000.0
92103,2012-Q2,Hillcrest,357000.0
92103,2012-Q2,Midtown,566000.0
92103,2012-Q2,Mission Hills,697333.0
92103,2012-Q2,Park West,416667.0
92103,2012-Q3,Hillcrest,354667.0
92103,2012-Q3,Midtown,563667.0
92103,2012-Q3,Mission Hills,668333.0
92103,2012-Q3,Park West,360667.0
92103,2012-Q4,Hillcrest,417667.0
92103,2012-Q4,Midtown,454000.0
92103,2012-Q4,Mission Hills,864667.0
92103,2012-Q4,Park West,431000.0
92103,2013-Q1,Hillcrest,459667.0
92103,2013-Q1,Midtown,658333.0
92103,2013-Q1,Mission Hills,746000.0
92103,2013-Q1,Park West,474333.0
92103,2013-Q2,Hillcrest,444333.0
92103,2013-Q2,Midtown,671667.0
92103,2013-Q2,Mission Hills,841667.0
92103,2013-Q2,Park West,478000.0
92103,2013-Q3,Hillcrest,419667.0
92103,2013-Q3,Midtown,599333.0
92103,2013-Q3,Mission Hills,900000.0
92103,2013-Q3,Park West,529667.0
92103,2013-Q4,Hillcrest,421000.0
92103,2013-Q4,Midtown,405000.0
92103,2013-Q4,Mission Hills,1035333.0
92103,2013-Q4,Park West,515333.0
92103,2014-Q1,Hillcrest,457333.0
92103,2014-Q1,Midtown,478333.0
92103,2014-Q1,Mission Hills,891000.0
92103,2014-Q1,Park West,539333.0
92103,2014-Q2,Hillcrest,503333.0
92103,2014-Q2,Midtown,651333.0
92103,2014-Q2,Mission Hills,821333.0
92103,2014-Q2,Park West,563667.0
92103,2014-Q3,Hillcrest,447667.0
92103,2014-Q3,Midtown,714333.0
92103,2014-Q3,Mission Hills,857000.0
92103,2014-Q3,Park West,604667.0
92103,2014-Q4,Hillcrest,532000.0
92103,2014-Q4,Midtown,753333.0
92103,2014-Q4,Mission Hills,1144667.0
92103,2014-Q4,Park West,661333.0
92103,2015-Q1,Hillcrest,472667.0
92103,2015-Q1,Midtown,831667.0
92103,2015-Q1,Mission Hills,1086000.0
92103,2015-Q1,Park West,581667.0
92103,2015-Q2,Hillcrest,491667.0
92103,2015-Q2,Midtown,772333.0
92103,2015-Q2,Mission Hills,909333.0
92103,2015-Q2,Park West,624333.0
92103,2015-Q3,Hillcrest,528000.0
92103,2015-Q3,Midtown,851667.0
92103,2015-Q3,Mission Hills,1250333.0
92103,2015-Q3,Park West,602000.0
92103,2015-Q4,Hillcrest,478333.0
92103,2015-Q4,Midtown,601667.0
92103,2015-Q4,Mission Hills,1065000.0
92103,2015-Q4,Park West,520333.0
92103,2016-Q1,Hillcrest,459333.0
92103,2016-Q1,Midtown,714333.0
92103,2016-Q1,Mission Hills,950000.0
92103,2016-Q1,Park West,553333.0
92103,2016-Q2,Hillcrest,500000.0
92103,2016-Q2,Midtown,583333.0
92103,2016-Q2,Mission Hills,1075000.0
92103,2016-Q2,Park West,568000.0
92103,2016-Q3,Hillcrest,545333.0
92103,2016-Q3,Midtown,601333.0
92103,2016-Q3,Mission Hills,1184333.0
92103,2016-Q3,Park West,610333.0
92103,2016-Q4,Hillcrest,507000.0
92103,2016-Q4,Midtown,840667.0
92103,2016-Q4,Mission Hills,1058333.0
92103,2016-Q4,Park West,672333.0
92103,2017-Q1,Hillcrest,560333.0
92103,2017-Q1,Midtown,793667.0
92103,2017-Q1,Mission Hills,1050000.0
92103,2017-Q1,Park West,655333.0
92103,2017-Q2,Hillcrest,521000.0
92103,2017-Q2,Midtown,662333.0
92103,2017-Q2,Mission Hills,1264667.0
92103,2017-Q2,Park West,622667.0
92103,2017-Q3,Hillcrest,543333.0
92103,2017-Q3,Midtown,851667.0
92103,2017-Q3,Mission Hills,975000.0
92103,2017-Q3,Park West,695333.0
92103,2017-Q4,Hillcrest,526667.0
92103,2017-Q4,Midtown,876000.0
92103,2017-Q4,Mission Hills,1230667.0
92103,2017-Q4,Park West,821667.0
92103,2018-Q1,Hillcrest,528333.0
92103,2018-Q1,Midtown,786667.0
92103,2018-Q1,Mission Hills,1111667.0
92103,2018-Q1,Park West,654667.0
92103,2018-Q2,Hillcrest,610000.0
92103,2018-Q2,Midtown,672000.0
92103,2018-Q2,Mission Hills,888000.0
92103,2018-Q2,Park West,675000.0
92104,2012-Q1,North Park,282000.0
92104,2012-Q1,South Park,385000.0
92104,2012-Q2,North Park,304333.0
92104,2012-Q2,South Park,453000.0
92104,2012-Q3,North Park,386667.0
92104,2012-Q3,South Park,481667.0
92104,2012-Q4,North Park,370000.0
92104,2012-Q4,South Park,497667.0
92104,2013-Q1,North Park,408667.0
92104,2013-Q1,South Park,552000.0
92104,2013-Q2,North Park,447667.0
92104,2013-Q2,South Park,544333.0
92104,2013-Q3,North Park,429667.0
92104,2013-Q3,South Park,524333.0
92104,2013-Q4,North Park,425667.0
92104,2013-Q4,South Park,559333.0
92104,2014-Q1,North Park,439667.0
92104,2014-Q1,South Park,544667.0
92104,2014-Q2,North Park,449667.0
92104,2014-Q2,South Park,564333.0
92104,2014-Q3,North Park,474333.0
92104,2014-Q3,South Park,611333.0
92104,2014-Q4,North Park,475667.0
92104,2014-Q4,South Park,603000.0
92104,2015-Q1,North Park,480333.0
92104,2015-Q1,South Park,682333.0
92104,2015-Q2,North Park,447667.0
92104,2015-Q2,South Park,646000.0
92104,2015-Q3,North Park,505667.0
92104,2015-Q3,South Park,676667.0
92104,2015-Q4,North Park,530000.0
92104,2015-Q4,South Park,542000.0
92104,2016-Q1,North Park,547667.0
92104,2016-Q1,South Park,697667.0
92104,2016-Q2,North Park,497000.0
92104,2016-Q2,South Park,751667.0
92104,2016-Q3,North Park,561667.0
92104,2016-Q3,South Park,691667.0
92104,2016-Q4,North Park,528333.0
92104,2016-Q4,South Park,734000.0
92104,2017-Q1,North Park,492667.0
92104,2017-Q1,South Park,756667.0
92104,2017-Q2,North Park,507667.0
92104,2017-Q2,South Park,755667.0
92104,2017-Q3,North Park,593333.0
92104,2017-Q3,South Park,641667.0
92104,2017-Q4,North Park,581667.0
92104,2017-Q4,South Park,811667.0
92104,2018-Q1,North Park,631000.0
92104,2018-Q1,South Park,888333.0
92104,2018-Q2,North Park,599000.0
92104,2018-Q2,South Park,778000.0
92105,2012-Q1,Fairmont Park,193000.0
92105,2012-Q1,Oak Park,177333.0
92105,2012-Q2,Fairmont Park,207000.0
92105,2012-Q2,Oak Park,214333.0
92105,2012-Q3,Fairmont Park,196667.0
92105,2012-Q3,Oak Park,190000.0
92105,2012-Q4,Fairmont Park,191000.0
92105,2012-Q4,Oak Park,228333.0
92105,2013-Q1,Fairmont Park,248667.0
92105,2013-Q1,Oak Park,231000.0
92105,2013-Q2,Fairmont Park,278333.0
92105,2013-Q2,Oak Park,260333.0
92105,2013-Q3,Fairmont Park,286333.0
92105,2013-Q3,Oak Park,284000.0
92105,2013-Q4,Fairmont Park,273333.0
92105,2013-Q4,Oak Park,307667.0
92105,2014-Q1,Fairmont Park,277333.0
92105,2014-Q1,Oak Park,238000.0
92105,2014-Q2,Fairmont Park,317000.0
92105,2014-Q2,Oak Park,313667.0
92105,2014-Q3,Fairmont Park,315000.0
92105,2014-Q3,Oak Park,307000.0
92105,2014-Q4,Fairmont Park,300667.0
92105,2014-Q4,Oak Park,300333.0
92105,2015-Q1,Fairmont Park,292667.0
92105,2015-Q1,Oak Park,312333.0
92105,2015-Q2,Fairmont Park,336000.0
92105,2015-Q2,Oak Park,318667.0
92105,2015-Q3,Fairmont Park,314333.0
92105,2015-Q3,Oak Park,318333.0
92105,2015-Q4,Fairmont Park,336667.0
92105,2015-Q4,Oak Park,305333.0
92105,2016-Q1,Fairmont Park,383333.0
92105,2016-Q1,Oak Park,340667.0
92105,2016-Q2,Fairmont Park,348000.0
92105,2016-Q2,Oak Park,363000.0
92105,2016-Q3,Fairmont Park,391333.0
92105,2016-Q3,Oak Park,363333.0
92105,2016-Q4,Fairmont Park,440333.0
92105,2016-Q4,Oak Park,350000.0
92105,2017-Q1,Fairmont Park,403000.0
92105,2017-Q1,Oak Park,351333.0
92105,2017-Q2,Fairmont Park,449000.0
92105,2017-Q2,Oak Park,369000.0
92105,2017-Q3,Fairmont Park,475000.0
92105,2017-Q3,Oak Park,391333.0
92105,2017-Q4,Fairmont Park,421667.0
92105,2017-Q4,Oak Park,396333.0
92105,2018-Q1,Fairmont Park,428333.0
92105,2018-Q1,Oak Park,402667.0
92105,2018-Q2,Fairmont Park,447000.0
92105,2018-Q2,Oak Park,393000.0
92106,2012-Q1,La Playa,537333.0
92106,2012-Q1,Roseville / Fleet Ridge,661667.0
92106,2012-Q2,La Playa,616000.0
92106,2012-Q2,Roseville / Fleet Ridge,648000.0
92106,2012-Q3,La Playa,815000.0
92106,2012-Q3,Roseville / Fleet Ridge,771333.0
92106,2012-Q4,La Playa,826000.0
92106,2012-Q4,Roseville / Fleet Ridge,803667.0
92106,2013-Q1,La Playa,1100000.0
92106,2013-Q1,Roseville / Fleet Ridge,800667.0
92106,2013-Q2,La Playa,683667.0
92106,2013-Q2,Roseville / Fleet Ridge,866667.0
92106,2013-Q3,La Playa,1178667.0
92106,2013-Q3,Roseville / Fleet Ridge,911000.0
92106,2013-Q4,La Playa,712000.0
92106,2013-Q4,Roseville / Fleet Ridge,941667.0
92106,2014-Q1,La Playa,653333.0
92106,2014-Q1,Roseville / Fleet Ridge,883667.0
92106,2014-Q2,La Playa,894667.0
92106,2014-Q2,Roseville / Fleet Ridge,1002000.0
92106,2014-Q3,La Playa,1166667.0
92106,2014-Q3,Roseville / Fleet Ridge,847000.0
92106,2014-Q4,La Playa,1006000.0
92106,2014-Q4,Roseville / Fleet Ridge,890333.0
92106,2015-Q1,La Playa,1533667.0
92106,2015-Q1,Roseville / Fleet Ridge,886333.0
92106,2015-Q2,La Playa,850333.0
92106,2015-Q2,Roseville / Fleet Ridge,906333.0
92106,2015-Q3,La Playa,729000.0
92106,2015-Q3,Roseville / Fleet Ridge,940000.0
92106,2015-Q4,La Playa,955667.0
92106,2015-Q4,Roseville / Fleet Ridge,901333.0
92106,2016-Q1,La Playa,1255000.0
92106,2016-Q1,Roseville / Fleet Ridge,1033333.0
92106,2016-Q2,La Playa,803333.0
92106,2016-Q2,Roseville / Fleet Ridge,1139333.0
92106,2016-Q3,La Playa,1030667.0
92106,2016-Q3,Roseville / Fleet Ridge,906667.0
92106,2016-Q4,La Playa,1550000.0
92106,2016-Q4,Roseville / Fleet Ridge,913667.0
92106,2017-Q1,La Playa,809333.0
92106,2017-Q1,Roseville / Fleet Ridge,1137000.0
92106,2017-Q2,La Playa,987667.0
92106,2017-Q2,Roseville / Fleet Ridge,1144667.0
92106,2017-Q3,La Playa,1167000.0
92106,2017-Q3,Roseville / Fleet Ridge,1188333.0
92106,2017-Q4,La Playa,1421667.0
92106,2017-Q4,Roseville / Fleet Ridge,1027000.0
92106,2018-Q1,La Playa,1342333.0
92106,2018-Q1,Roseville / Fleet Ridge,1006000.0
92106,2018-Q2,La Playa,1005000.0
92106,2018-Q2,Roseville / Fleet Ridge,1264000.0
92107,2012-Q1,Ocean Beach,540333.0
92107,2012-Q1,Sunset Cliffs,937000.0
92107,2012-Q2,Ocean Beach,505333.0
92107,2012-Q2,Sunset Cliffs,911333.0
92107,2012-Q3,Ocean Beach,444667.0
92107,2012-Q3,Sunset Cliffs,903333.0
92107,2012-Q4,Ocean Beach,512667.0
92107,2012-Q4,Sunset Cliffs,1010000.0
92107,2013-Q1,Ocean Beach,511667.0
92107,2013-Q1,Sunset Cliffs,1046667.0
92107,2013-Q2,Ocean Beach,602333.0
92107,2013-Q2,Sunset Cliffs,904000.0
92107,2013-Q3,Ocean Beach,653000.0
92107,2013-Q3,Sunset Cliffs,1163333.0
92107,2013-Q4,Ocean Beach,588667.0
92107,2013-Q4,Sunset Cliffs,1282000.0
92107,2014-Q1,Ocean Beach,575333.0
92107,2014-Q1,Sunset Cliffs,1184000.0
92107,2014-Q2,Ocean Beach,729333.0
92107,2014-Q2,Sunset Cliffs,1105000.0
92107,2014-Q3,Ocean Beach,615000.0
92107,2014-Q3,Sunset Cliffs,1103333.0
92107,2014-Q4,Ocean Beach,600000.0
92107,2014-Q4,Sunset Cliffs,1022333.0
92107,2015-Q1,Ocean Beach,627333.0
92107,2015-Q1,Sunset Cliffs,1291667.0
92107,2015-Q2,Ocean Beach,648000.0
92107,2015-Q2,Sunset Cliffs,1100000.0
92107,2015-Q3,Ocean Beach,711667.0
92107,2015-Q3,Sunset Cliffs,1371000.0
92107,2015-Q4,Ocean Beach,721667.0
92107,2015-Q4,Sunset Cliffs,1326000.0
92107,2016-Q1,Ocean Beach,662333.0
92107,2016-Q1,Sunset Cliffs,1264667.0
92107,2016-Q2,Ocean Beach,709667.0
92107,2016-Q2,Sunset Cliffs,1298667.0
92107,2016-Q3,Ocean Beach,724333.0
92107,2016-Q3,Sunset Cliffs,1381000.0
92107,2016-Q4,Ocean Beach,734333.0
92107,2016-Q4,Sunset Cliffs,1487333.0
92107,2017-Q1,Ocean Beach,741667.0
92107,2017-Q1,Sunset Cliffs,1159333.0
92107,2017-Q2,Ocean Beach,774667.0
92107,2017-Q2,Sunset Cliffs,1296000.0
92107,2017-Q3,Ocean Beach,697333.0
92107,2017-Q3,Sunset Cliffs,1538667.0
92107,2017-Q4,Ocean Beach,755667.0
92107,2017-Q4,Sunset Cliffs,1596000.0
92107,2018-Q1,Ocean Beach,833333.0
92107,2018-Q1,Sunset Cliffs,1458333.0
92107,2018-Q2,Ocean Beach,852000.0
92107,2018-Q2,Sunset Cliffs,1660000.0
92108,2012-Q1,Grant Hill,174667.0
92108,2012-Q1,Grantville,123667.0
92108,2012-Q1,Mission Valley East,210000.0
92108,2012-Q1,Mission Valley West,210000.0
92108,2012-Q2,Grant Hill,160000.0
92108,2012-Q2,Grantville,146000.0
92108,2012-Q2,Mission Valley East,245667.0
92108,2012-Q2,Mission Valley West,245667.0
92108,2012-Q3,Grant Hill,210000.0
92108,2012-Q3,Grantville,165667.0
92108,2012-Q3,Mission Valley East,235333.0
92108,2012-Q3,Mission Valley West,235333.0
92108,2012-Q4,Grant Hill,355667.0
92108,2012-Q4,Grantville,167667.0
92108,2012-Q4,Mission Valley East,268333.0
92108,2012-Q4,Mission Valley West,268333.0
92108,2013-Q1,Grant Hill,254333.0
92108,2013-Q1,Grantville,176000.0
92108,2013-Q1,Mission Valley East,308667.0
92108,2013-Q1,Mission Valley West,308667.0
92108,2013-Q2,Grant Hill,291000.0
92108,2013-Q2,Grantville,191333.0
92108,2013-Q2,Mission Valley East,299667.0
92108,2013-Q2,Mission Valley West,299667.0
92108,2013-Q3,Grant Hill,296000.0
92108,2013-Q3,Grantville,204000.0
92108,2013-Q3,Mission Valley East,319667.0
92108,2013-Q3,Mission Valley West,319667.0
92108,2013-Q4,Grant Hill,313333.0
92108,2013-Q4,Grantville,231667.0
92108,2013-Q4,Mission Valley East,320000.0
92108,2013-Q4,Mission Valley West,320000.0
92108,2014-Q1,Grant Hill,386667.0
92108,2014-Q1,Grantville,218667.0
92108,2014-Q1,Mission Valley East,324000.0
92108,2014-Q1,Mission Valley West,324000.0
92108,2014-Q2,Grant Hill,411667.0
92108,2014-Q2,Grantville,241000.0
92108,2014-Q2,Mission Valley East,345333.0
92108,2014-Q2,Mission Valley West,345333.0
92108,2014-Q3,Grant Hill,376333.0
92108,2014-Q3,Grantville,230333.0
92108,2014-Q3,Mission Valley East,340333.0
92108,2014-Q3,Mission Valley West,340333.0
92108,2014-Q4,Grant Hill,190667.0
92108,2014-Q4,Grantville,248000.0
92108,2014-Q4,Mission Valley East,342333.0
92108,2014-Q4,Mission Valley West,342333.0
92108,2015-Q1,Grant Hill,269333.0
92108,2015-Q1,Grantville,259000.0
92108,2015-Q1,Mission Valley East,359333.0
92108,2015-Q1,Mission Valley West,359333.0
92108,2015-Q2,Grant Hill,332000.0
92108,2015-Q2,Grantville,247000.0
92108,2015-Q2,Mission Valley East,346000.0
92108,2015-Q2,Mission Valley West,346000.0
92108,2015-Q3,Grant Hill,345000.0
92108,2015-Q3,Grantville,214333.0
92108,2015-Q3,Mission Valley East,380333.0
92108,2015-Q3,Mission Valley West,380333.0
92108,2015-Q4,Grant Hill,334333.0
92108,2015-Q4,Grantville,264333.0
92108,2015-Q4,Mission Valley East,355667.0
92108,2015-Q4,Mission Valley West,355667.0
92108,2016-Q1,Grant Hill,411000.0
92108,2016-Q1,Grantville,253000.0
92108,2016-Q1,Mission Valley East,356000.0
92108,2016-Q1,Mission Valley West,356000.0
92108,2016-Q2,Grant Hill,408333.0
92108,2016-Q2,Grantville,288333.0
92108,2016-Q2,Mission Valley East,360667.0
92108,2016-Q2,Mission Valley West,360667.0
92108,2016-Q3,Grant Hill,454333.0
92108,2016-Q3,Grantville,246667.0
92108,2016-Q3,Mission Valley East,389667.0
92108,2016-Q3,Mission Valley West,389667.0
92108,2016-Q4,Grant Hill,440000.0
92108,2016-Q4,Grantville,289667.0
92108,2016-Q4,Mission Valley East,389667.0
92108,2016-Q4,Mission Valley West,389667.0
92108,2017-Q1,Grant Hill,441000.0
92108,2017-Q1,Grantville,280333.0
92108,2017-Q1,Mission Valley East,400667.0
92108,2017-Q1,Mission Valley West,400667.0
92108,2017-Q2,Grant Hill,405000.0
92108,2017-Q2,Grantville,302667.0
92108,2017-Q2,Mission Valley East,396000.0
92108,2017-Q2,Mission Valley West,396000.0
92108,2017-Q3,Grant Hill,627667.0
92108,2017-Q3,Grantville,305000.0
92108,2017-Q3,Mission Valley East,394000.0
92108,2017-Q3,Mission Valley West,394000.0
92108,2017-Q4,Grant Hill,643000.0
92108,2017-Q4,Grantville,288667.0
92108,2017-Q4,Mission Valley East,401667.0
92108,2017-Q4,Mission Valley West,401667.0
92108,2018-Q1,Grant Hill,588333.0
92108,2018-Q1,Grantville,303000.0
92108,2018-Q1,Mission Valley East,413333.0
92108,2018-Q1,Mission Valley West,413333.0
92108,2018-Q2,Grant Hill,515000.0
92108,2018-Q2,Grantville,340000.0
92108,2018-Q2,Mission Valley East,423000.0
92108,2018-Q2,Mission Valley West,423000.0
92109,2012-Q1,Bay Park,635333.0
92109,2012-Q1,Mission Beach,1267667.0
92109,2012-Q1,Pacific Beach,468667.0
92109,2012-Q2,Bay Park,565333.0
92109,2012-Q2,Mission Beach,702667.0
92109,2012-Q2,Pacific Beach,445333.0
92109,2012-Q3,Bay Park,636333.0
92109,2012-Q3,Mission Beach,920000.0
92109,2012-Q3,Pacific Beach,497667.0
92109,2012-Q4,Bay Park,461333.0
92109,2012-Q4,Mission Beach,887333.0
92109,2012-Q4,Pacific Beach,543333.0
92109,2013-Q1,Bay Park,552667.0
92109,2013-Q1,Mission Beach,870667.0
92109,2013-Q1,Pacific Beach,535000.0
92109,2013-Q2,Bay Park,705333.0
92109,2013-Q2,Mission Beach,857333.0
92109,2013-Q2,Pacific Beach,594000.0
92109,2013-Q3,Bay Park,670667.0
92109,2013-Q3,Mission Beach,873333.0
92109,2013-Q3,Pacific Beach,605000.0
92109,2013-Q4,Bay Park,789333.0
92109,2013-Q4,Mission Beach,1038333.0
92109,2013-Q4,Pacific Beach,645667.0
92109,2014-Q1,Bay Park,732667.0
92109,2014-Q1,Mission Beach,1141667.0
92109,2014-Q1,Pacific Beach,658333.0
92109,2014-Q2,Bay Park,853667.0
92109,2014-Q2,Mission Beach,1036333.0
92109,2014-Q2,Pacific Beach,667333.0
92109,2014-Q3,Bay Park,774333.0
92109,2014-Q3,Mission Beach,1049333.0
92109,2014-Q3,Pacific Beach,705000.0
92109,2014-Q4,Bay Park,775333.0
92109,2014-Q4,Mission Beach,973667.0
92109,2014-Q4,Pacific Beach,651333.0
92109,2015-Q1,Bay Park,809000.0
92109,2015-Q1,Mission Beach,1338667.0
92109,2015-Q1,Pacific Beach,681333.0
92109,2015-Q2,Bay Park,855000.0
92109,2015-Q2,Mission Beach,1325000.0
92109,2015-Q2,Pacific Beach,721333.0
92109,2015-Q3,Bay Park,930000.0
92109,2015-Q3,Mission Beach,1208000.0
92109,2015-Q3,Pacific Beach,681333.0
92109,2015-Q4,Bay Park,833333.0
92109,2015-Q4,Mission Beach,1010000.0
92109,2015-Q4,Pacific Beach,663000.0
92109,2016-Q1,Bay Park,724000.0
92109,2016-Q1,Mission Beach,1101333.0
92109,2016-Q1,Pacific Beach,656667.0
92109,2016-Q2,Bay Park,701000.0
92109,2016-Q2,Mission Beach,1156000.0
92109,2016-Q2,Pacific Beach,704000.0
92109,2016-Q3,Bay Park,816667.0
92109,2016-Q3,Mission Beach,1144000.0
92109,2016-Q3,Pacific Beach,670333.0
92109,2016-Q4,Bay Park,848667.0
92109,2016-Q4,Mission Beach,1181333.0
92109,2016-Q4,Pacific Beach,676000.0
92109,2017-Q1,Bay Park,763333.0
92109,2017-Q1,Mission Beach,1156333.0
92109,2017-Q1,Pacific Beach,766000.0
92109,2017-Q2,Bay Park,748333.0
92109,2017-Q2,Mission Beach,1278333.0
92109,2017-Q2,Pacific Beach,760000.0
92109,2017-Q3,Bay Park,939333.0
92109,2017-Q3,Mission Beach,1243333.0
92109,2017-Q3,Pacific Beach,790667.0
92109,2017-Q4,Bay Park,876667.0
92109,2017-Q4,Mission Beach,1120000.0
92109,2017-Q4,Pacific Beach,767333.0
92109,2018-Q1,Bay Park,1002667.0
92109,2018-Q1,Mission Beach,1069000.0
92109,2018-Q1,Pacific Beach,786000.0
92109,2018-Q2,Bay Park,895000.0
92109,2018-Q2,Mission Beach,1095000.0
92109,2018-Q2,Pacific Beach,890000.0
92110,2012-Q1,Midway District,305000.0
92110,2012-Q1,Morena,204333.0
92110,2012-Q2,Midway District,340000.0
92110,2012-Q2,Morena,245000.0
92110,2012-Q3,Midway District,325000.0
92110,2012-Q3,Morena,285000.0
92110,2012-Q4,Midway District,354667.0
92110,2012-Q4,Morena,350333.0
92110,2013-Q1,Midway District,370667.0
92110,2013-Q1,Morena,323000.0
92110,2013-Q2,Midway District,365000.0
92110,2013-Q2,Morena,323333.0
92110,2013-Q3,Midway District,417333.0
92110,2013-Q3,Morena,329333.0
92110,2013-Q4,Midway District,465000.0
92110,2013-Q4,Morena,364000.0
92110,2014-Q1,Midway District,452333.0
92110,2014-Q1,Morena,347667.0
92110,2014-Q2,Midway District,452333.0
92110,2014-Q2,Morena,385667.0
92110,2014-Q3,Midway District,573667.0
92110,2014-Q3,Morena,364000.0
92110,2014-Q4,Midway District,432000.0
92110,2014-Q4,Morena,356667.0
92110,2015-Q1,Midway District,434000.0
92110,2015-Q1,Morena,364667.0
92110,2015-Q2,Midway District,459667.0
92110,2015-Q2,Morena,350333.0
92110,2015-Q3,Midway District,434000.0
92110,2015-Q3,Morena,385333.0
92110,2015-Q4,Midway District,561667.0
92110,2015-Q4,Morena,348667.0
92110,2016-Q1,Midway District,437333.0
92110,2016-Q1,Morena,375667.0
92110,2016-Q2,Midway District,484667.0
92110,2016-Q2,Morena,371000.0
92110,2016-Q3,Midway District,509000.0
92110,2016-Q3,Morena,423000.0
92110,2016-Q4,Midway District,412000.0
92110,2016-Q4,Morena,406000.0
92110,2017-Q1,Midway District,600333.0
92110,2017-Q1,Morena,357667.0
92110,2017-Q2,Midway District,637000.0
92110,2017-Q2,Morena,409000.0
92110,2017-Q3,Midway District,558333.0
92110,2017-Q3,Morena,426667.0
92110,2017-Q4,Midway District,336667.0
92110,2017-Q4,Morena,425667.0
92110,2018-Q1,Midway District,467667.0
92110,2018-Q1,Morena,426667.0
92110,2018-Q2,Midway District,532000.0
92110,2018-Q2,Morena,462000.0
92111,2012-Q1,Clairemont Mesa East,320333.0
92111,2012-Q1,Clairemont Mesa West,393000.0
92111,2012-Q1,Linda Vista,280667.0
92111,2012-Q2,Clairemont Mesa East,306000.0
92111,2012-Q2,Clairemont Mesa West,401667.0
92111,2012-Q2,Linda Vista,306667.0
92111,2012-Q3,Clairemont Mesa East,343333.0
92111,2012-Q3,Clairemont Mesa West,412667.0
92111,2012-Q3,Linda Vista,282333.0
92111,2012-Q4,Clairemont Mesa East,356667.0
92111,2012-Q4,Clairemont Mesa West,435000.0
92111,2012-Q4,Linda Vista,281667.0
92111,2013-Q1,Clairemont Mesa East,370000.0
92111,2013-Q1,Clairemont Mesa West,440333.0
92111,2013-Q1,Linda Vista,295667.0
92111,2013-Q2,Clairemont Mesa East,415333.0
92111,2013-Q2,Clairemont Mesa West,476333.0
92111,2013-Q2,Linda Vista,301333.0
92111,2013-Q3,Clairemont Mesa East,440333.0
92111,2013-Q3,Clairemont Mesa West,468333.0
92111,2013-Q3,Linda Vista,336667.0
92111,2013-Q4,Clairemont Mesa East,400000.0
92111,2013-Q4,Clairemont Mesa West,493667.0
92111,2013-Q4,Linda Vista,323667.0
92111,2014-Q1,Clairemont Mesa East,426667.0
92111,2014-Q1,Clairemont Mesa West,480000.0
92111,2014-Q1,Linda Vista,363000.0
92111,2014-Q2,Clairemont Mesa East,450000.0
92111,2014-Q2,Clairemont Mesa West,499667.0
92111,2014-Q2,Linda Vista,343000.0
92111,2014-Q3,Clairemont Mesa East,444000.0
92111,2014-Q3,Clairemont Mesa West,522000.0
92111,2014-Q3,Linda Vista,353333.0
92111,2014-Q4,Clairemont Mesa East,432667.0
92111,2014-Q4,Clairemont Mesa West,523333.0
92111,2014-Q4,Linda Vista,367000.0
92111,2015-Q1,Clairemont Mesa East,432333.0
92111,2015-Q1,Clairemont Mesa West,530667.0
92111,2015-Q1,Linda Vista,367333.0
92111,2015-Q2,Clairemont Mesa East,448333.0
92111,2015-Q2,Clairemont Mesa West,557667.0
92111,2015-Q2,Linda Vista,371667.0
92111,2015-Q3,Clairemont Mesa East,472667.0
92111,2015-Q3,Clairemont Mesa West,561333.0
92111,2015-Q3,Linda Vista,380333.0
92111,2015-Q4,Clairemont Mesa East,454333.0
92111,2015-Q4,Clairemont Mesa West,554333.0
92111,2015-Q4,Linda Vista,377333.0
92111,2016-Q1,Clairemont Mesa East,457667.0
92111,2016-Q1,Clairemont Mesa West,548000.0
92111,2016-Q1,Linda Vista,366000.0
92111,2016-Q2,Clairemont Mesa East,494667.0
92111,2016-Q2,Clairemont Mesa West,581000.0
92111,2016-Q2,Linda Vista,394667.0
92111,2016-Q3,Clairemont Mesa East,513333.0
92111,2016-Q3,Clairemont Mesa West,564333.0
92111,2016-Q3,Linda Vista,408333.0
92111,2016-Q4,Clairemont Mesa East,523000.0
92111,2016-Q4,Clairemont Mesa West,539667.0
92111,2016-Q4,Linda Vista,414000.0
92111,2017-Q1,Clairemont Mesa East,530000.0
92111,2017-Q1,Clairemont Mesa West,597333.0
92111,2017-Q1,Linda Vista,500333.0
92111,2017-Q2,Clairemont Mesa East,491667.0
92111,2017-Q2,Clairemont Mesa West,595667.0
92111,2017-Q2,Linda Vista,426667.0
92111,2017-Q3,Clairemont Mesa East,531333.0
92111,2017-Q3,Clairemont Mesa West,612667.0
92111,2017-Q3,Linda Vista,436000.0
92111,2017-Q4,Clairemont Mesa East,556000.0
92111,2017-Q4,Clairemont Mesa West,622667.0
92111,2017-Q4,Linda Vista,474333.0
92111,2018-Q1,Clairemont Mesa East,572667.0
92111,2018-Q1,Clairemont Mesa West,659667.0
92111,2018-Q1,Linda Vista,487000.0
92111,2018-Q2,Clairemont Mesa East,550000.0
92111,2018-Q2,Clairemont Mesa West,650000.0
92111,2018-Q2,Linda Vista,439000.0
92113,2012-Q1,Logan Heights,180333.0
92113,2012-Q1,Mountain View,183000.0
92113,2012-Q1,Shelltown,193000.0
92113,2012-Q1,Southcrest,131333.0
92113,2012-Q2,Logan Heights,196000.0
92113,2012-Q2,Mountain View,188333.0
92113,2012-Q2,Shelltown,196333.0
92113,2012-Q2,Southcrest,134667.0
92113,2012-Q3,Logan Heights,183667.0
92113,2012-Q3,Mountain View,163333.0
92113,2012-Q3,Shelltown,220000.0
92113,2012-Q3,Southcrest,181000.0
92113,2012-Q4,Logan Heights,175000.0
92113,2012-Q4,Mountain View,188667.0
92113,2012-Q4,Shelltown,227333.0
92113,2012-Q4,Southcrest,192000.0
92113,2013-Q1,Logan Heights,235000.0
92113,2013-Q1,Mountain View,201333.0
92113,2013-Q1,Shelltown,221667.0
92113,2013-Q1,Southcrest,266667.0
92113,2013-Q2,Logan Heights,224667.0
92113,2013-Q2,Mountain View,240333.0
92113,2013-Q2,Shelltown,219667.0
92113,2013-Q2,Southcrest,204667.0
92113,2013-Q3,Logan Heights,261667.0
92113,2013-Q3,Mountain View,235667.0
92113,2013-Q3,Shelltown,274000.0
92113,2013-Q3,Southcrest,226667.0
92113,2013-Q4,Logan Heights,270333.0
92113,2013-Q4,Mountain View,242000.0
92113,2013-Q4,Shelltown,242333.0
92113,2013-Q4,Southcrest,246333.0
92113,2014-Q1,Logan Heights,281333.0
92113,2014-Q1,Mountain View,268000.0
92113,2014-Q1,Shelltown,274333.0
92113,2014-Q1,Southcrest,268667.0
92113,2014-Q2,Logan Heights,263333.0
92113,2014-Q2,Mountain View,259667.0
92113,2014-Q2,Shelltown,293000.0
92113,2014-Q2,Southcrest,274000.0
92113,2014-Q3,Logan Heights,290000.0
92113,2014-Q3,Mountain View,280333.0
92113,2014-Q3,Shelltown,378333.0
92113,2014-Q3,Southcrest,313667.0
92113,2014-Q4,Logan Heights,283667.0
92113,2014-Q4,Mountain View,281000.0
92113,2014-Q4,Shelltown,320000.0
92113,2014-Q4,Southcrest,282000.0
92113,2015-Q1,Logan Heights,305667.0
92113,2015-Q1,Mountain View,281000.0
92113,2015-Q1,Shelltown,248667.0
92113,2015-Q1,Southcrest,328333.0
92113,2015-Q2,Logan Heights,353333.0
92113,2015-Q2,Mountain View,292667.0
92113,2015-Q2,Shelltown,390000.0
92113,2015-Q2,Southcrest,303333.0
92113,2015-Q3,Logan Heights,366667.0
92113,2015-Q3,Mountain View,321000.0
92113,2015-Q3,Shelltown,290333.0
92113,2015-Q3,Southcrest,243667.0
92113,2015-Q4,Logan Heights,309000.0
92113,2015-Q4,Mountain View,318333.0
92113,2015-Q4,Shelltown,288333.0
92113,2015-Q4,Southcrest,364333.0
92113,2016-Q1,Logan Heights,292667.0
92113,2016-Q1,Mountain View,332333.0
92113,2016-Q1,Shelltown,310000.0
92113,2016-Q1,Southcrest,327000.0
92113,2016-Q2,Logan Heights,325667.0
92113,2016-Q2,Mountain View,307667.0
92113,2016-Q2,Shelltown,381000.0
92113,2016-Q2,Southcrest,359333.0
92113,2016-Q3,Logan Heights,418333.0
92113,2016-Q3,Mountain View,331000.0
92113,2016-Q3,Shelltown,393333.0
92113,2016-Q3,Southcrest,313667.0
92113,2016-Q4,Logan Heights,399333.0
92113,2016-Q4,Mountain View,332667.0
92113,2016-Q4,Shelltown,321333.0
92113,2016-Q4,Southcrest,348000.0
92113,2017-Q1,Logan Heights,379000.0
92113,2017-Q1,Mountain View,341667.0
92113,2017-Q1,Shelltown,379333.0
92113,2017-Q1,Southcrest,396667.0
92113,2017-Q2,Logan Heights,398667.0
92113,2017-Q2,Mountain View,357667.0
92113,2017-Q2,Shelltown,477000.0
92113,2017-Q2,Southcrest,361000.0
92113,2017-Q3,Logan Heights,428333.0
92113,2017-Q3,Mountain View,359333.0
92113,2017-Q3,Shelltown,427333.0
92113,2017-Q3,Southcrest,369333.0
92113,2017-Q4,Logan Heights,480000.0
92113,2017-Q4,Mountain View,386333.0
92113,2017-Q4,Shelltown,579000.0
92113,2017-Q4,Southcrest,420000.0
92113,2018-Q1,Logan Heights,350000.0
92113,2018-Q1,Mountain View,379667.0
92113,2018-Q1,Shelltown,485000.0
92113,2018-Q1,Southcrest,412667.0
92113,2018-Q2,Logan Heights,400000.0
92113,2018-Q2,Mountain View,377000.0
92113,2018-Q2,Shelltown,405000.0
92113,2018-Q2,Southcrest,353000.0
92114,2012-Q1,Alta Vista,250000.0
92114,2012-Q1,Emerald Hills,217000.0
92114,2012-Q1,Encanto,199333.0
92114,2012-Q1,Jamacha Lomita,194333.0
92114,2012-Q1,Skyline,228000.0
92114,2012-Q2,Alta Vista,263667.0
92114,2012-Q2,Emerald Hills,209667.0
92114,2012-Q2,Encanto,210667.0
92114,2012-Q2,Jamacha Lomita,206667.0
92114,2012-Q2,Skyline,231667.0
92114,2012-Q3,Alta Vista,257000.0
92114,2012-Q3,Emerald Hills,205000.0
92114,2012-Q3,Encanto,238000.0
92114,2012-Q3,Jamacha Lomita,231333.0
92114,2012-Q3,Skyline,237333.0
92114,2012-Q4,Alta Vista,273667.0
92114,2012-Q4,Emerald Hills,233000.0
92114,2012-Q4,Encanto,239333.0
92114,2012-Q4,Jamacha Lomita,232333.0
92114,2012-Q4,Skyline,246000.0
92114,2013-Q1,Alta Vista,262000.0
92114,2013-Q1,Emerald Hills,255000.0
92114,2013-Q1,Encanto,269333.0
92114,2013-Q1,Jamacha Lomita,266000.0
92114,2013-Q1,Skyline,249000.0
92114,2013-Q2,Alta Vista,341000.0
92114,2013-Q2,Emerald Hills,282667.0
92114,2013-Q2,Encanto,282000.0
92114,2013-Q2,Jamacha Lomita,262000.0
92114,2013-Q2,Skyline,278000.0
92114,2013-Q3,Alta Vista,335333.0
92114,2013-Q3,Emerald Hills,290000.0
92114,2013-Q3,Encanto,307667.0
92114,2013-Q3,Jamacha Lomita,309333.0
92114,2013-Q3,Skyline,306667.0
92114,2013-Q4,Alta Vista,323667.0
92114,2013-Q4,Emerald Hills,307333.0
92114,2013-Q4,Encanto,302000.0
92114,2013-Q4,Jamacha Lomita,292333.0
92114,2013-Q4,Skyline,303667.0
92114,2014-Q1,Alta Vista,305000.0
92114,2014-Q1,Emerald Hills,291000.0
92114,2014-Q1,Encanto,302333.0
92114,2014-Q1,Jamacha Lomita,305000.0
92114,2014-Q1,Skyline,289000.0
92114,2014-Q2,Alta Vista,332000.0
92114,2014-Q2,Emerald Hills,330000.0
92114,2014-Q2,Encanto,310000.0
92114,2014-Q2,Jamacha Lomita,313333.0
92114,2014-Q2,Skyline,330000.0
92114,2014-Q3,Alta Vista,321667.0
92114,2014-Q3,Emerald Hills,345667.0
92114,2014-Q3,Encanto,315667.0
92114,2014-Q3,Jamacha Lomita,323333.0
92114,2014-Q3,Skyline,319333.0
92114,2014-Q4,Alta Vista,340667.0
92114,2014-Q4,Emerald Hills,372667.0
92114,2014-Q4,Encanto,316333.0
92114,2014-Q4,Jamacha Lomita,344333.0
92114,2014-Q4,Skyline,324000.0
92114,2015-Q1,Alta Vista,355333.0
92114,2015-Q1,Emerald Hills,304333.0
92114,2015-Q1,Encanto,323333.0
92114,2015-Q1,Jamacha Lomita,332333.0
92114,2015-Q1,Skyline,340333.0
92114,2015-Q2,Alta Vista,356000.0
92114,2015-Q2,Emerald Hills,335000.0
92114,2015-Q2,Encanto,335000.0
92114,2015-Q2,Jamacha Lomita,331667.0
92114,2015-Q2,Skyline,338000.0
92114,2015-Q3,Alta Vista,407500.0
92114,2015-Q3,Emerald Hills,329667.0
92114,2015-Q3,Encanto,331000.0
92114,2015-Q3,Jamacha Lomita,350000.0
92114,2015-Q3,Skyline,353333.0
92114,2015-Q4,Alta Vista,395000.0
92114,2015-Q4,Emerald Hills,364000.0
92114,2015-Q4,Encanto,346333.0
92114,2015-Q4,Jamacha Lomita,369667.0
92114,2015-Q4,Skyline,353000.0
92114,2016-Q1,Alta Vista,379000.0
92114,2016-Q1,Emerald Hills,392000.0
92114,2016-Q1,Encanto,362333.0
92114,2016-Q1,Jamacha Lomita,342333.0
92114,2016-Q1,Skyline,361667.0
92114,2016-Q2,Alta Vista,383333.0
92114,2016-Q2,Emerald Hills,358333.0
92114,2016-Q2,Encanto,384000.0
92114,2016-Q2,Jamacha Lomita,385000.0
92114,2016-Q2,Skyline,385333.0
92114,2016-Q3,Alta Vista,428000.0
92114,2016-Q3,Emerald Hills,428667.0
92114,2016-Q3,Encanto,396000.0
92114,2016-Q3,Jamacha Lomita,400667.0
92114,2016-Q3,Skyline,401667.0
92114,2016-Q4,Alta Vista,428333.0
92114,2016-Q4,Emerald Hills,380667.0
92114,2016-Q4,Encanto,395333.0
92114,2016-Q4,Jamacha Lomita,369667.0
92114,2016-Q4,Skyline,405000.0
92114,2017-Q1,Alta Vista,420000.0
92114,2017-Q1,Emerald Hills,383667.0
92114,2017-Q1,Encanto,366667.0
92114,2017-Q1,Jamacha Lomita,389667.0
92114,2017-Q1,Skyline,404667.0
92114,2017-Q2,Alta Vista,388333.0
92114,2017-Q2,Emerald Hills,421000.0
92114,2017-Q2,Encanto,417333.0
92114,2017-Q2,Jamacha Lomita,409667.0
92114,2017-Q2,Skyline,407000.0
92114,2017-Q3,Alta Vista,439333.0
92114,2017-Q3,Emerald Hills,437667.0
92114,2017-Q3,Encanto,428000.0
92114,2017-Q3,Jamacha Lomita,419667.0
92114,2017-Q3,Skyline,421000.0
92114,2017-Q4,Alta Vista,436333.0
92114,2017-Q4,Emerald Hills,433000.0
92114,2017-Q4,Encanto,433333.0
92114,2017-Q4,Jamacha Lomita,408333.0
92114,2017-Q4,Skyline,433000.0
92114,2018-Q1,Alta Vista,469333.0
92114,2018-Q1,Emerald Hills,432667.0
92114,2018-Q1,Encanto,425333.0
92114,2018-Q1,Jamacha Lomita,419333.0
92114,2018-Q1,Skyline,428000.0
92114,2018-Q2,Alta Vista,507000.0
92114,2018-Q2,Emerald Hills,456000.0
92114,2018-Q2,Encanto,440000.0
92114,2018-Q2,Jamacha Lomita,420000.0
92114,2018-Q2,Skyline,439000.0
92115,2012-Q1,College East,298000.0
92115,2012-Q1,College West,357667.0
92115,2012-Q1,El Cerrito,226667.0
92115,2012-Q1,Rolando,241167.0
92115,2012-Q1,"San Diego, CA - Mid-City",221667.0
92115,2012-Q1,Talmadge,365000.0
92115,2012-Q2,College East,330333.0
92115,2012-Q2,College West,347667.0
92115,2012-Q2,El Cerrito,189667.0
92115,2012-Q2,Rolando,251833.0
92115,2012-Q2,"San Diego, CA - Mid-City",244667.0
92115,2012-Q2,Talmadge,388667.0
92115,2012-Q3,College East,339000.0
92115,2012-Q3,College West,405667.0
92115,2012-Q3,El Cerrito,282667.0
92115,2012-Q3,Rolando,278000.0
92115,2012-Q3,"San Diego, CA - Mid-City",260000.0
92115,2012-Q3,Talmadge,342667.0
92115,2012-Q4,College East,320000.0
92115,2012-Q4,College West,413667.0
92115,2012-Q4,El Cerrito,273000.0
92115,2012-Q4,Rolando,269333.0
92115,2012-Q4,"San Diego, CA - Mid-City",267333.0
92115,2012-Q4,Talmadge,399000.0
92115,2013-Q1,College East,329000.0
92115,2013-Q1,College West,429333.0
92115,2013-Q1,El Cerrito,198333.0
92115,2013-Q1,Rolando,302000.0
92115,2013-Q1,"San Diego, CA - Mid-City",281000.0
92115,2013-Q1,Talmadge,442667.0
92115,2013-Q2,College East,346667.0
92115,2013-Q2,College West,462000.0
92115,2013-Q2,El Cerrito,250000.0
92115,2013-Q2,Rolando,342333.0
92115,2013-Q2,"San Diego, CA - Mid-City",308000.0
92115,2013-Q2,Talmadge,501333.0
92115,2013-Q3,College East,353333.0
92115,2013-Q3,College West,481667.0
92115,2013-Q3,El Cerrito,320667.0
92115,2013-Q3,Rolando,340500.0
92115,2013-Q3,"San Diego, CA - Mid-City",338333.0
92115,2013-Q3,Talmadge,479333.0
92115,2013-Q4,College East,364333.0
92115,2013-Q4,College West,457667.0
92115,2013-Q4,El Cerrito,314333.0
92115,2013-Q4,Rolando,349000.0
92115,2013-Q4,"San Diego, CA - Mid-City",319333.0
92115,2013-Q4,Talmadge,482667.0
92115,2014-Q1,College East,364667.0
92115,2014-Q1,College West,478667.0
92115,2014-Q1,El Cerrito,332333.0
92115,2014-Q1,Rolando,359500.0
92115,2014-Q1,"San Diego, CA - Mid-City",327333.0
92115,2014-Q1,Talmadge,459000.0
92115,2014-Q2,College East,402667.0
92115,2014-Q2,College West,516667.0
92115,2014-Q2,El Cerrito,295667.0
92115,2014-Q2,Rolando,378167.0
92115,2014-Q2,"San Diego, CA - Mid-City",356000.0
92115,2014-Q2,Talmadge,511000.0
92115,2014-Q3,College East,410000.0
92115,2014-Q3,College West,491667.0
92115,2014-Q3,El Cerrito,328333.0
92115,2014-Q3,Rolando,371167.0
92115,2014-Q3,"San Diego, CA - Mid-City",353667.0
92115,2014-Q3,Talmadge,521667.0
92115,2014-Q4,College East,367667.0
92115,2014-Q4,College West,499000.0
92115,2014-Q4,El Cerrito,311667.0
92115,2014-Q4,Rolando,376833.0
92115,2014-Q4,"San Diego, CA - Mid-City",351333.0
92115,2014-Q4,Talmadge,492667.0
92115,2015-Q1,College East,365333.0
92115,2015-Q1,College West,487667.0
92115,2015-Q1,El Cerrito,302667.0
92115,2015-Q1,Rolando,388167.0
92115,2015-Q1,"San Diego, CA - Mid-City",369667.0
92115,2015-Q1,Talmadge,446000.0
92115,2015-Q2,College East,428333.0
92115,2015-Q2,College West,552333.0
92115,2015-Q2,El Cerrito,369333.0
92115,2015-Q2,Rolando,383000.0
92115,2015-Q2,"San Diego, CA - Mid-City",380000.0
92115,2015-Q2,Talmadge,463667.0
92115,2015-Q3,College East,471000.0
92115,2015-Q3,College West,524667.0
92115,2015-Q3,El Cerrito,323000.0
92115,2015-Q3,Rolando,396667.0
92115,2015-Q3,"San Diego, CA - Mid-City",386667.0
92115,2015-Q3,Talmadge,495667.0
92115,2015-Q4,College East,430000.0
92115,2015-Q4,College West,517000.0
92115,2015-Q4,El Cerrito,396000.0
92115,2015-Q4,Rolando,397000.0
92115,2015-Q4,"San Diego, CA - Mid-City",395333.0
92115,2015-Q4,Talmadge,493000.0
92115,2016-Q1,College East,462000.0
92115,2016-Q1,College West,538000.0
92115,2016-Q1,El Cerrito,367000.0
92115,2016-Q1,Rolando,417000.0
92115,2016-Q1,"San Diego, CA - Mid-City",398667.0
92115,2016-Q1,Talmadge,489000.0
92115,2016-Q2,College East,467000.0
92115,2016-Q2,College West,536667.0
92115,2016-Q2,El Cerrito,389333.0
92115,2016-Q2,Rolando,433333.0
92115,2016-Q2,"San Diego, CA - Mid-City",413333.0
92115,2016-Q2,Talmadge,534333.0
92115,2016-Q3,College East,385000.0
92115,2016-Q3,College West,555667.0
92115,2016-Q3,El Cerrito,391333.0
92115,2016-Q3,Rolando,434000.0
92115,2016-Q3,"San Diego, CA - Mid-City",411667.0
92115,2016-Q3,Talmadge,504333.0
92115,2016-Q4,College East,372000.0
92115,2016-Q4,College West,589000.0
92115,2016-Q4,El Cerrito,346333.0
92115,2016-Q4,Rolando,436833.0
92115,2016-Q4,"San Diego, CA - Mid-City",419667.0
92115,2016-Q4,Talmadge,541000.0
92115,2017-Q1,College East,397667.0
92115,2017-Q1,College West,598000.0
92115,2017-Q1,El Cerrito,396333.0
92115,2017-Q1,Rolando,449500.0
92115,2017-Q1,"San Diego, CA - Mid-City",423000.0
92115,2017-Q1,Talmadge,560333.0
92115,2017-Q2,College East,447000.0
92115,2017-Q2,College West,588000.0
92115,2017-Q2,El Cerrito,431333.0
92115,2017-Q2,Rolando,461833.0
92115,2017-Q2,"San Diego, CA - Mid-City",445667.0
92115,2017-Q2,Talmadge,625667.0
92115,2017-Q3,College East,475000.0
92115,2017-Q3,College West,561667.0
92115,2017-Q3,El Cerrito,434667.0
92115,2017-Q3,Rolando,469500.0
92115,2017-Q3,"San Diego, CA - Mid-City",458333.0
92115,2017-Q3,Talmadge,636667.0
92115,2017-Q4,College East,506667.0
92115,2017-Q4,College West,623000.0
92115,2017-Q4,El Cerrito,373333.0
92115,2017-Q4,Rolando,467000.0
92115,2017-Q4,"San Diego, CA - Mid-City",458333.0
92115,2017-Q4,Talmadge,675667.0
92115,2018-Q1,College East,450667.0
92115,2018-Q1,College West,628667.0
92115,2018-Q1,El Cerrito,445333.0
92115,2018-Q1,Rolando,457500.0
92115,2018-Q1,"San Diego, CA - Mid-City",468333.0
92115,2018-Q1,Talmadge,705333.0
92115,2018-Q2,College East,508000.0
92115,2018-Q2,College West,625000.0
92115,2018-Q2,El Cerrito,440000.0
92115,2018-Q2,Rolando,498500.0
92115,2018-Q2,"San Diego, CA - Mid-City",485000.0
92115,2018-Q2,Talmadge,636000.0
92116,2012-Q1,Adams North,377000.0
92116,2012-Q1,Kensington,593000.0
92116,2012-Q1,Normal Heights,188000.0
92116,2012-Q2,Adams North,399667.0
92116,2012-Q2,Kensington,643333.0
92116,2012-Q2,Normal Heights,256333.0
92116,2012-Q3,Adams North,467000.0
92116,2012-Q3,Kensington,672000.0
92116,2012-Q3,Normal Heights,229333.0
92116,2012-Q4,Adams North,414000.0
92116,2012-Q4,Kensington,616333.0
92116,2012-Q4,Normal Heights,250000.0
92116,2013-Q1,Adams North,510000.0
92116,2013-Q1,Kensington,624333.0
92116,2013-Q1,Normal Heights,316667.0
92116,2013-Q2,Adams North,463000.0
92116,2013-Q2,Kensington,669333.0
92116,2013-Q2,Normal Heights,343667.0
92116,2013-Q3,Adams North,506000.0
92116,2013-Q3,Kensington,708667.0
92116,2013-Q3,Normal Heights,310667.0
92116,2013-Q4,Adams North,470333.0
92116,2013-Q4,Kensington,650333.0
92116,2013-Q4,Normal Heights,284333.0
92116,2014-Q1,Adams North,441333.0
92116,2014-Q1,Kensington,650333.0
92116,2014-Q1,Normal Heights,373667.0
92116,2014-Q2,Adams North,508667.0
92116,2014-Q2,Kensington,741333.0
92116,2014-Q2,Normal Heights,309000.0
92116,2014-Q3,Adams North,488000.0
92116,2014-Q3,Kensington,741000.0
92116,2014-Q3,Normal Heights,309000.0
92116,2014-Q4,Adams North,697000.0
92116,2014-Q4,Kensington,778000.0
92116,2014-Q4,Normal Heights,386333.0
92116,2015-Q1,Adams North,578333.0
92116,2015-Q1,Kensington,718333.0
92116,2015-Q1,Normal Heights,358333.0
92116,2015-Q2,Adams North,591000.0
92116,2015-Q2,Kensington,790333.0
92116,2015-Q2,Normal Heights,390333.0
92116,2015-Q3,Adams North,537333.0
92116,2015-Q3,Kensington,822333.0
92116,2015-Q3,Normal Heights,347333.0
92116,2015-Q4,Adams North,560000.0
92116,2015-Q4,Kensington,756667.0
92116,2015-Q4,Normal Heights,334667.0
92116,2016-Q1,Adams North,491333.0
92116,2016-Q1,Kensington,776000.0
92116,2016-Q1,Normal Heights,376000.0
92116,2016-Q2,Adams North,592000.0
92116,2016-Q2,Kensington,727667.0
92116,2016-Q2,Normal Heights,337333.0
92116,2016-Q3,Adams North,601000.0
92116,2016-Q3,Kensington,655000.0
92116,2016-Q3,Normal Heights,413667.0
92116,2016-Q4,Adams North,645000.0
92116,2016-Q4,Kensington,824333.0
92116,2016-Q4,Normal Heights,370333.0
92116,2017-Q1,Adams North,615333.0
92116,2017-Q1,Kensington,865333.0
92116,2017-Q1,Normal Heights,384333.0
92116,2017-Q2,Adams North,676333.0
92116,2017-Q2,Kensington,869000.0
92116,2017-Q2,Normal Heights,492333.0
92116,2017-Q3,Adams North,646667.0
92116,2017-Q3,Kensington,836000.0
92116,2017-Q3,Normal Heights,524333.0
92116,2017-Q4,Adams North,694667.0
92116,2017-Q4,Kensington,852333.0
92116,2017-Q4,Normal Heights,505000.0
92116,2018-Q1,Adams North,639000.0
92116,2018-Q1,Kensington,862667.0
92116,2018-Q1,Normal Heights,540000.0
92116,2018-Q2,Adams North,675000.0
92116,2018-Q2,Kensington,830000.0
92116,2018-Q2,Normal Heights,500000.0
92117,2012-Q1,Bay Ho,359333.0
92117,2012-Q1,Bay Park,437667.0
92117,2012-Q1,Kearny Mesa,324667.0
92117,2012-Q1,North Clairemont,361000.0
92117,2012-Q2,Bay Ho,407000.0
92117,2012-Q2,Bay Park,454667.0
92117,2012-Q2,Kearny Mesa,301333.0
92117,2012-Q2,North Clairemont,363667.0
92117,2012-Q3,Bay Ho,397000.0
92117,2012-Q3,Bay Park,468000.0
92117,2012-Q3,Kearny Mesa,315000.0
92117,2012-Q3,North Clairemont,377333.0
92117,2012-Q4,Bay Ho,434667.0
92117,2012-Q4,Bay Park,479000.0
92117,2012-Q4,Kearny Mesa,353000.0
92117,2012-Q4,North Clairemont,399333.0
92117,2013-Q1,Bay Ho,436000.0
92117,2013-Q1,Bay Park,456333.0
92117,2013-Q1,Kearny Mesa,341000.0
92117,2013-Q1,North Clairemont,409000.0
92117,2013-Q2,Bay Ho,489000.0
92117,2013-Q2,Bay Park,495333.0
92117,2013-Q2,Kearny Mesa,377000.0
92117,2013-Q2,North Clairemont,443333.0
92117,2013-Q3,Bay Ho,450000.0
92117,2013-Q3,Bay Park,559000.0
92117,2013-Q3,Kearny Mesa,392000.0
92117,2013-Q3,North Clairemont,435333.0
92117,2013-Q4,Bay Ho,484000.0
92117,2013-Q4,Bay Park,598000.0
92117,2013-Q4,Kearny Mesa,393000.0
92117,2013-Q4,North Clairemont,451000.0
92117,2014-Q1,Bay Ho,469000.0
92117,2014-Q1,Bay Park,531000.0
92117,2014-Q1,Kearny Mesa,413667.0
92117,2014-Q1,North Clairemont,460000.0
92117,2014-Q2,Bay Ho,533000.0
92117,2014-Q2,Bay Park,599000.0
92117,2014-Q2,Kearny Mesa,397000.0
92117,2014-Q2,North Clairemont,470667.0
92117,2014-Q3,Bay Ho,530333.0
92117,2014-Q3,Bay Park,623333.0
92117,2014-Q3,Kearny Mesa,423667.0
92117,2014-Q3,North Clairemont,489333.0
92117,2014-Q4,Bay Ho,523000.0
92117,2014-Q4,Bay Park,553000.0
92117,2014-Q4,Kearny Mesa,422333.0
92117,2014-Q4,North Clairemont,477667.0
92117,2015-Q1,Bay Ho,507000.0
92117,2015-Q1,Bay Park,608333.0
92117,2015-Q1,Kearny Mesa,448000.0
92117,2015-Q1,North Clairemont,474000.0
92117,2015-Q2,Bay Ho,540000.0
92117,2015-Q2,Bay Park,632667.0
92117,2015-Q2,Kearny Mesa,410000.0
92117,2015-Q2,North Clairemont,518333.0
92117,2015-Q3,Bay Ho,542667.0
92117,2015-Q3,Bay Park,691667.0
92117,2015-Q3,Kearny Mesa,436000.0
92117,2015-Q3,North Clairemont,538000.0
92117,2015-Q4,Bay Ho,555667.0
92117,2015-Q4,Bay Park,668000.0
92117,2015-Q4,Kearny Mesa,443667.0
92117,2015-Q4,North Clairemont,516667.0
92117,2016-Q1,Bay Ho,488667.0
92117,2016-Q1,Bay Park,632333.0
92117,2016-Q1,Kearny Mesa,449667.0
92117,2016-Q1,North Clairemont,553667.0
92117,2016-Q2,Bay Ho,539667.0
92117,2016-Q2,Bay Park,680333.0
92117,2016-Q2,Kearny Mesa,447667.0
92117,2016-Q2,North Clairemont,544667.0
92117,2016-Q3,Bay Ho,607333.0
92117,2016-Q3,Bay Park,710000.0
92117,2016-Q3,Kearny Mesa,491333.0
92117,2016-Q3,North Clairemont,546000.0
92117,2016-Q4,Bay Ho,602667.0
92117,2016-Q4,Bay Park,673333.0
92117,2016-Q4,Kearny Mesa,474333.0
92117,2016-Q4,North Clairemont,547667.0
92117,2017-Q1,Bay Ho,613333.0
92117,2017-Q1,Bay Park,708333.0
92117,2017-Q1,Kearny Mesa,466333.0
92117,2017-Q1,North Clairemont,554667.0
92117,2017-Q2,Bay Ho,617667.0
92117,2017-Q2,Bay Park,725667.0
92117,2017-Q2,Kearny Mesa,469333.0
92117,2017-Q2,North Clairemont,588667.0
92117,2017-Q3,Bay Ho,622333.0
92117,2017-Q3,Bay Park,741000.0
92117,2017-Q3,Kearny Mesa,509333.0
92117,2017-Q3,North Clairemont,615667.0
92117,2017-Q4,Bay Ho,686333.0
92117,2017-Q4,Bay Park,768333.0
92117,2017-Q4,Kearny Mesa,510333.0
92117,2017-Q4,North Clairemont,619333.0
92117,2018-Q1,Bay Ho,685667.0
92117,2018-Q1,Bay Park,791000.0
92117,2018-Q1,Kearny Mesa,492000.0
92117,2018-Q1,North Clairemont,628333.0
92117,2018-Q2,Bay Ho,718000.0
92117,2018-Q2,Bay Park,853000.0
92117,2018-Q2,Kearny Mesa,506000.0
92117,2018-Q2,North Clairemont,646000.0
92119,2012-Q1,Lake Murray,342000.0
92119,2012-Q2,Lake Murray,363667.0
92119,2012-Q3,Lake Murray,393667.0
92119,2012-Q4,Lake Murray,376667.0
92119,2013-Q1,Lake Murray,386000.0
92119,2013-Q2,Lake Murray,425667.0
92119,2013-Q3,Lake Murray,427667.0
92119,2013-Q4,Lake Murray,440667.0
92119,2014-Q1,Lake Murray,427667.0
92119,2014-Q2,Lake Murray,440333.0
92119,2014-Q3,Lake Murray,450000.0
92119,2014-Q4,Lake Murray,447667.0
92119,2015-Q1,Lake Murray,450000.0
92119,2015-Q2,Lake Murray,464000.0
92119,2015-Q3,Lake Murray,493667.0
92119,2015-Q4,Lake Murray,508333.0
92119,2016-Q1,Lake Murray,508000.0
92119,2016-Q2,Lake Murray,501667.0
92119,2016-Q3,Lake Murray,531667.0
92119,2016-Q4,Lake Murray,511333.0
92119,2017-Q1,Lake Murray,540000.0
92119,2017-Q2,Lake Murray,536333.0
92119,2017-Q3,Lake Murray,560667.0
92119,2017-Q4,Lake Murray,579333.0
92119,2018-Q1,Lake Murray,590667.0
92119,2018-Q2,Lake Murray,550000.0
92120,2012-Q1,Allied Gardens,329333.0
92120,2012-Q1,Del Cerro,445333.0
92120,2012-Q2,Allied Gardens,339333.0
92120,2012-Q2,Del Cerro,467333.0
92120,2012-Q3,Allied Gardens,372667.0
92120,2012-Q3,Del Cerro,496667.0
92120,2012-Q4,Allied Gardens,381667.0
92120,2012-Q4,Del Cerro,501333.0
92120,2013-Q1,Allied Gardens,415000.0
92120,2013-Q1,Del Cerro,514000.0
92120,2013-Q2,Allied Gardens,406667.0
92120,2013-Q2,Del Cerro,549667.0
92120,2013-Q3,Allied Gardens,452000.0
92120,2013-Q3,Del Cerro,583000.0
92120,2013-Q4,Allied Gardens,435000.0
92120,2013-Q4,Del Cerro,634333.0
92120,2014-Q1,Allied Gardens,434000.0
92120,2014-Q1,Del Cerro,605000.0
92120,2014-Q2,Allied Gardens,454667.0
92120,2014-Q2,Del Cerro,640000.0
92120,2014-Q3,Allied Gardens,430000.0
92120,2014-Q3,Del Cerro,650000.0
92120,2014-Q4,Allied Gardens,454667.0
92120,2014-Q4,Del Cerro,623000.0
92120,2015-Q1,Allied Gardens,450000.0
92120,2015-Q1,Del Cerro,585333.0
92120,2015-Q2,Allied Gardens,471667.0
92120,2015-Q2,Del Cerro,622667.0
92120,2015-Q3,Allied Gardens,477667.0
92120,2015-Q3,Del Cerro,600000.0
92120,2015-Q4,Allied Gardens,483000.0
92120,2015-Q4,Del Cerro,621333.0
92120,2016-Q1,Allied Gardens,514000.0
92120,2016-Q1,Del Cerro,623333.0
92120,2016-Q2,Allied Gardens,532333.0
92120,2016-Q2,Del Cerro,629667.0
92120,2016-Q3,Allied Gardens,542000.0
92120,2016-Q3,Del Cerro,679000.0
92120,2016-Q4,Allied Gardens,535000.0
92120,2016-Q4,Del Cerro,670000.0
92120,2017-Q1,Allied Gardens,532000.0
92120,2017-Q1,Del Cerro,638667.0
92120,2017-Q2,Allied Gardens,557333.0
92120,2017-Q2,Del Cerro,738667.0
92120,2017-Q3,Allied Gardens,557667.0
92120,2017-Q3,Del Cerro,710000.0
92120,2017-Q4,Allied Gardens,547333.0
92120,2017-Q4,Del Cerro,747333.0
92120,2018-Q1,Allied Gardens,571000.0
92120,2018-Q1,Del Cerro,704667.0
92120,2018-Q2,Allied Gardens,596000.0
92120,2018-Q2,Del Cerro,720000.0
92121,2012-Q1,Sorrento Valley,603333.0
92121,2012-Q2,Sorrento Valley,543333.0
92121,2012-Q3,Sorrento Valley,502333.0
92121,2012-Q4,Sorrento Valley,490667.0
92121,2013-Q1,Sorrento Valley,519667.0
92121,2013-Q2,Sorrento Valley,684667.0
92121,2013-Q3,Sorrento Valley,716667.0
92121,2013-Q4,Sorrento Valley,578000.0
92121,2014-Q1,Sorrento Valley,548667.0
92121,2014-Q2,Sorrento Valley,693667.0
92121,2014-Q3,Sorrento Valley,651667.0
92121,2014-Q4,Sorrento Valley,684333.0
92121,2015-Q1,Sorrento Valley,696667.0
92121,2015-Q2,Sorrento Valley,699667.0
92121,2015-Q3,Sorrento Valley,724333.0
92121,2015-Q4,Sorrento Valley,612667.0
92121,2016-Q1,Sorrento Valley,771000.0
92121,2016-Q2,Sorrento Valley,610000.0
92121,2016-Q3,Sorrento Valley,764333.0
92121,2016-Q4,Sorrento Valley,710333.0
92121,2017-Q1,Sorrento Valley,598333.0
92121,2017-Q2,Sorrento Valley,621333.0
92121,2017-Q3,Sorrento Valley,687667.0
92121,2017-Q4,Sorrento Valley,765667.0
92121,2018-Q1,Sorrento Valley,870667.0
92121,2018-Q2,Sorrento Valley,671000.0
92123,2012-Q1,Birdland,286667.0
92123,2012-Q1,Serra Mesa,318333.0
92123,2012-Q2,Birdland,333333.0
92123,2012-Q2,Serra Mesa,364333.0
92123,2012-Q3,Birdland,302667.0
92123,2012-Q3,Serra Mesa,366667.0
92123,2012-Q4,Birdland,279333.0
92123,2012-Q4,Serra Mesa,374000.0
92123,2013-Q1,Birdland,396333.0
92123,2013-Q1,Serra Mesa,388000.0
92123,2013-Q2,Birdland,321000.0
92123,2013-Q2,Serra Mesa,420000.0
92123,2013-Q3,Birdland,360667.0
92123,2013-Q3,Serra Mesa,435667.0
92123,2013-Q4,Birdland,353667.0
92123,2013-Q4,Serra Mesa,431667.0
92123,2014-Q1,Birdland,351333.0
92123,2014-Q1,Serra Mesa,438333.0
92123,2014-Q2,Birdland,349000.0
92123,2014-Q2,Serra Mesa,444333.0
92123,2014-Q3,Birdland,417667.0
92123,2014-Q3,Serra Mesa,462667.0
92123,2014-Q4,Birdland,440000.0
92123,2014-Q4,Serra Mesa,453667.0
92123,2015-Q1,Birdland,376333.0
92123,2015-Q1,Serra Mesa,479333.0
92123,2015-Q2,Birdland,428000.0
92123,2015-Q2,Serra Mesa,486667.0
92123,2015-Q3,Birdland,420000.0
92123,2015-Q3,Serra Mesa,508333.0
92123,2015-Q4,Birdland,415333.0
92123,2015-Q4,Serra Mesa,512333.0
92123,2016-Q1,Birdland,475000.0
92123,2016-Q1,Serra Mesa,517333.0
92123,2016-Q2,Birdland,521000.0
92123,2016-Q2,Serra Mesa,526000.0
92123,2016-Q3,Birdland,435333.0
92123,2016-Q3,Serra Mesa,539333.0
92123,2016-Q4,Birdland,463333.0
92123,2016-Q4,Serra Mesa,550000.0
92123,2017-Q1,Birdland,418000.0
92123,2017-Q1,Serra Mesa,559000.0
92123,2017-Q2,Birdland,499667.0
92123,2017-Q2,Serra Mesa,578667.0
92123,2017-Q3,Birdland,483000.0
92123,2017-Q3,Serra Mesa,599333.0
92123,2017-Q4,Birdland,541667.0
92123,2017-Q4,Serra Mesa,617333.0
92123,2018-Q1,Birdland,458333.0
92123,2018-Q1,Serra Mesa,597667.0
92123,2018-Q2,Birdland,565000.0
92123,2018-Q2,Serra Mesa,624000.0
92124,2012-Q1,Tierrasanta,384000.0
92124,2012-Q2,Tierrasanta,439667.0
92124,2012-Q3,Tierrasanta,374333.0
92124,2012-Q4,Tierrasanta,387333.0
92124,2013-Q1,Tierrasanta,408333.0
92124,2013-Q2,Tierrasanta,434000.0
92124,2013-Q3,Tierrasanta,451333.0
92124,2013-Q4,Tierrasanta,482333.0
92124,2014-Q1,Tierrasanta,458667.0
92124,2014-Q2,Tierrasanta,455333.0
92124,2014-Q3,Tierrasanta,500333.0
92124,2014-Q4,Tierrasanta,489000.0
92124,2015-Q1,Tierrasanta,488000.0
92124,2015-Q2,Tierrasanta,506333.0
92124,2015-Q3,Tierrasanta,571000.0
92124,2015-Q4,Tierrasanta,486000.0
92124,2016-Q1,Tierrasanta,524667.0
92124,2016-Q2,Tierrasanta,499333.0
92124,2016-Q3,Tierrasanta,519000.0
92124,2016-Q4,Tierrasanta,525333.0
92124,2017-Q1,Tierrasanta,545000.0
92124,2017-Q2,Tierrasanta,561333.0
92124,2017-Q3,Tierrasanta,631667.0
92124,2017-Q4,Tierrasanta,540333.0
92124,2018-Q1,Tierrasanta,578667.0
92124,2018-Q2,Tierrasanta,580000.0
92126,2012-Q1,Mira Mesa,297667.0
92126,2012-Q2,Mira Mesa,315667.0
92126,2012-Q3,Mira Mesa,327667.0
92126,2012-Q4,Mira Mesa,353333.0
92126,2013-Q1,Mira Mesa,364667.0
92126,2013-Q2,Mira Mesa,382667.0
92126,2013-Q3,Mira Mesa,401000.0
92126,2013-Q4,Mira Mesa,415667.0
92126,2014-Q1,Mira Mesa,409667.0
92126,2014-Q2,Mira Mesa,431333.0
92126,2014-Q3,Mira Mesa,428333.0
92126,2014-Q4,Mira Mesa,444000.0
92126,2015-Q1,Mira Mesa,439333.0
92126,2015-Q2,Mira Mesa,462667.0
92126,2015-Q3,Mira Mesa,478333.0
92126,2015-Q4,Mira Mesa,460000.0
92126,2016-Q1,Mira Mesa,474000.0
92126,2016-Q2,Mira Mesa,490667.0
92126,2016-Q3,Mira Mesa,485000.0
92126,2016-Q4,Mira Mesa,517333.0
92126,2017-Q1,Mira Mesa,518000.0
92126,2017-Q2,Mira Mesa,522000.0
92126,2017-Q3,Mira Mesa,523333.0
92126,2017-Q4,Mira Mesa,537333.0
92126,2018-Q1,Mira Mesa,560000.0
92126,2018-Q2,Mira Mesa,583000.0
92127,2012-Q1,Black Mountain Ranch,711000.0
92127,2012-Q1,"San Diego, CA - 4s Ranch",580667.0
92127,2012-Q2,Black Mountain Ranch,825667.0
92127,2012-Q2,"San Diego, CA - 4s Ranch",498667.0
92127,2012-Q3,Black Mountain Ranch,794333.0
92127,2012-Q3,"San Diego, CA - 4s Ranch",546000.0
92127,2012-Q4,Black Mountain Ranch,834000.0
92127,2012-Q4,"San Diego, CA - 4s Ranch",555000.0
92127,2013-Q1,Black Mountain Ranch,894333.0
92127,2013-Q1,"San Diego, CA - 4s Ranch",475000.0
92127,2013-Q2,Black Mountain Ranch,1013333.0
92127,2013-Q2,"San Diego, CA - 4s Ranch",691000.0
92127,2013-Q3,Black Mountain Ranch,1005333.0
92127,2013-Q3,"San Diego, CA - 4s Ranch",729000.0
92127,2013-Q4,Black Mountain Ranch,987667.0
92127,2013-Q4,"San Diego, CA - 4s Ranch",628667.0
92127,2014-Q1,Black Mountain Ranch,947667.0
92127,2014-Q1,"San Diego, CA - 4s Ranch",675333.0
92127,2014-Q2,Black Mountain Ranch,968667.0
92127,2014-Q2,"San Diego, CA - 4s Ranch",659000.0
92127,2014-Q3,Black Mountain Ranch,1061000.0
92127,2014-Q3,"San Diego, CA - 4s Ranch",762667.0
92127,2014-Q4,Black Mountain Ranch,1068667.0
92127,2014-Q4,"San Diego, CA - 4s Ranch",586333.0
92127,2015-Q1,Black Mountain Ranch,1015333.0
92127,2015-Q1,"San Diego, CA - 4s Ranch",657000.0
92127,2015-Q2,Black Mountain Ranch,1029000.0
92127,2015-Q2,"San Diego, CA - 4s Ranch",688333.0
92127,2015-Q3,Black Mountain Ranch,1006333.0
92127,2015-Q3,"San Diego, CA - 4s Ranch",648333.0
92127,2015-Q4,Black Mountain Ranch,1068000.0
92127,2015-Q4,"San Diego, CA - 4s Ranch",657000.0
92127,2016-Q1,Black Mountain Ranch,1124333.0
92127,2016-Q1,"San Diego, CA - 4s Ranch",743333.0
92127,2016-Q2,Black Mountain Ranch,1080000.0
92127,2016-Q2,"San Diego, CA - 4s Ranch",730000.0
92127,2016-Q3,Black Mountain Ranch,1100000.0
92127,2016-Q3,"San Diego, CA - 4s Ranch",707667.0
92127,2016-Q4,Black Mountain Ranch,991333.0
92127,2016-Q4,"San Diego, CA - 4s Ranch",649000.0
92127,2017-Q1,Black Mountain Ranch,1127000.0
92127,2017-Q1,"San Diego, CA - 4s Ranch",709667.0
92127,2017-Q2,Black Mountain Ranch,1210333.0
92127,2017-Q2,"San Diego, CA - 4s Ranch",836667.0
92127,2017-Q3,Black Mountain Ranch,1189333.0
92127,2017-Q3,"San Diego, CA - 4s Ranch",876000.0
92127,2017-Q4,Black Mountain Ranch,1306667.0
92127,2017-Q4,"San Diego, CA - 4s Ranch",823333.0
92127,2018-Q1,Black Mountain Ranch,1355000.0
92127,2018-Q1,"San Diego, CA - 4s Ranch",781000.0
92127,2018-Q2,Black Mountain Ranch,1365000.0
92127,2018-Q2,"San Diego, CA - 4s Ranch",867000.0
92128,2012-Q1,Carmel Mountain,467667.0
92128,2012-Q1,Rancho Bernardo,293667.0
92128,2012-Q1,Sabre Springs,322333.0
92128,2012-Q2,Carmel Mountain,484333.0
92128,2012-Q2,Rancho Bernardo,338333.0
92128,2012-Q2,Sabre Springs,306667.0
92128,2012-Q3,Carmel Mountain,444333.0
92128,2012-Q3,Rancho Bernardo,404333.0
92128,2012-Q3,Sabre Springs,364333.0
92128,2012-Q4,Carmel Mountain,520000.0
92128,2012-Q4,Rancho Bernardo,390667.0
92128,2012-Q4,Sabre Springs,340000.0
92128,2013-Q1,Carmel Mountain,474000.0
92128,2013-Q1,Rancho Bernardo,399000.0
92128,2013-Q1,Sabre Springs,392667.0
92128,2013-Q2,Carmel Mountain,529000.0
92128,2013-Q2,Rancho Bernardo,433333.0
92128,2013-Q2,Sabre Springs,377667.0
92128,2013-Q3,Carmel Mountain,584667.0
92128,2013-Q3,Rancho Bernardo,438000.0
92128,2013-Q3,Sabre Springs,404333.0
92128,2013-Q4,Carmel Mountain,605667.0
92128,2013-Q4,Rancho Bernardo,428333.0
92128,2013-Q4,Sabre Springs,386000.0
92128,2014-Q1,Carmel Mountain,582667.0
92128,2014-Q1,Rancho Bernardo,396667.0
92128,2014-Q1,Sabre Springs,459000.0
92128,2014-Q2,Carmel Mountain,553333.0
92128,2014-Q2,Rancho Bernardo,465000.0
92128,2014-Q2,Sabre Springs,428333.0
92128,2014-Q3,Carmel Mountain,536667.0
92128,2014-Q3,Rancho Bernardo,463000.0
92128,2014-Q3,Sabre Springs,400667.0
92128,2014-Q4,Carmel Mountain,610000.0
92128,2014-Q4,Rancho Bernardo,470667.0
92128,2014-Q4,Sabre Springs,415000.0
92128,2015-Q1,Carmel Mountain,627667.0
92128,2015-Q1,Rancho Bernardo,454333.0
92128,2015-Q1,Sabre Springs,379333.0
92128,2015-Q2,Carmel Mountain,616333.0
92128,2015-Q2,Rancho Bernardo,487667.0
92128,2015-Q2,Sabre Springs,433667.0
92128,2015-Q3,Carmel Mountain,615333.0
92128,2015-Q3,Rancho Bernardo,498000.0
92128,2015-Q3,Sabre Springs,469333.0
92128,2015-Q4,Carmel Mountain,621333.0
92128,2015-Q4,Rancho Bernardo,492667.0
92128,2015-Q4,Sabre Springs,453667.0
92128,2016-Q1,Carmel Mountain,569333.0
92128,2016-Q1,Rancho Bernardo,509000.0
92128,2016-Q1,Sabre Springs,448667.0
92128,2016-Q2,Carmel Mountain,608667.0
92128,2016-Q2,Rancho Bernardo,486000.0
92128,2016-Q2,Sabre Springs,427000.0
92128,2016-Q3,Carmel Mountain,641000.0
92128,2016-Q3,Rancho Bernardo,483000.0
92128,2016-Q3,Sabre Springs,460333.0
92128,2016-Q4,Carmel Mountain,621667.0
92128,2016-Q4,Rancho Bernardo,503667.0
92128,2016-Q4,Sabre Springs,483667.0
92128,2017-Q1,Carmel Mountain,687667.0
92128,2017-Q1,Rancho Bernardo,521000.0
92128,2017-Q1,Sabre Springs,499333.0
92128,2017-Q2,Carmel Mountain,703333.0
92128,2017-Q2,Rancho Bernardo,516667.0
92128,2017-Q2,Sabre Springs,536667.0
92128,2017-Q3,Carmel Mountain,723333.0
92128,2017-Q3,Rancho Bernardo,567667.0
92128,2017-Q3,Sabre Springs,509000.0
92128,2017-Q4,Carmel Mountain,726333.0
92128,2017-Q4,Rancho Bernardo,524667.0
92128,2017-Q4,Sabre Springs,497667.0
92128,2018-Q1,Carmel Mountain,656000.0
92128,2018-Q1,Rancho Bernardo,599667.0
92128,2018-Q1,Sabre Springs,513667.0
92128,2018-Q2,Carmel Mountain,760000.0
92128,2018-Q2,Rancho Bernardo,615000.0
92128,2018-Q2,Sabre Springs,535000.0
92130,2012-Q1,Carmel Valley,624000.0
92130,2012-Q1,North City,725000.0
92130,2012-Q2,Carmel Valley,658000.0
92130,2012-Q2,North City,769333.0
92130,2012-Q3,Carmel Valley,740333.0
92130,2012-Q3,North City,970000.0
92130,2012-Q4,Carmel Valley,715000.0
92130,2012-Q4,North City,973333.0
92130,2013-Q1,Carmel Valley,675667.0
92130,2013-Q1,North City,1100000.0
92130,2013-Q2,Carmel Valley,786000.0
92130,2013-Q2,North City,920667.0
92130,2013-Q3,Carmel Valley,777667.0
92130,2013-Q3,North City,1070000.0
92130,2013-Q4,Carmel Valley,822667.0
92130,2013-Q4,North City,1049000.0
92130,2014-Q1,Carmel Valley,771000.0
92130,2014-Q1,North City,1073333.0
92130,2014-Q2,Carmel Valley,831333.0
92130,2014-Q2,North City,1100000.0
92130,2014-Q3,Carmel Valley,858000.0
92130,2014-Q3,North City,1060667.0
92130,2014-Q4,Carmel Valley,782667.0
92130,2014-Q4,North City,1051667.0
92130,2015-Q1,Carmel Valley,799000.0
92130,2015-Q1,North City,1041000.0
92130,2015-Q2,Carmel Valley,872667.0
92130,2015-Q2,North City,1242667.0
92130,2015-Q3,Carmel Valley,800667.0
92130,2015-Q3,North City,1309000.0
92130,2015-Q4,Carmel Valley,810333.0
92130,2015-Q4,North City,1233333.0
92130,2016-Q1,Carmel Valley,805333.0
92130,2016-Q1,North City,1591667.0
92130,2016-Q2,Carmel Valley,864333.0
92130,2016-Q2,North City,1304000.0
92130,2016-Q3,Carmel Valley,901000.0
92130,2016-Q3,North City,1182000.0
92130,2016-Q4,Carmel Valley,871000.0
92130,2016-Q4,North City,1353333.0
92130,2017-Q1,Carmel Valley,926000.0
92130,2017-Q1,North City,1251667.0
92130,2017-Q2,Carmel Valley,945000.0
92130,2017-Q2,North City,1376667.0
92130,2017-Q3,Carmel Valley,939333.0
92130,2017-Q3,North City,1295333.0
92130,2017-Q4,Carmel Valley,968000.0
92130,2017-Q4,North City,1247667.0
92130,2018-Q1,Carmel Valley,919333.0
92130,2018-Q1,North City,1468667.0
92130,2018-Q2,Carmel Valley,958000.0
92130,2018-Q2,North City,1899000.0
92131,2012-Q1,Miramar,418000.0
92131,2012-Q1,Rancho Encantada,786333.0
92131,2012-Q1,Scripps Ranch,501000.0
92131,2012-Q2,Miramar,423667.0
92131,2012-Q2,Rancho Encantada,803000.0
92131,2012-Q2,Scripps Ranch,530333.0
92131,2012-Q3,Miramar,468667.0
92131,2012-Q3,Rancho Encantada,882333.0
92131,2012-Q3,Scripps Ranch,546333.0
92131,2012-Q4,Miramar,367000.0
92131,2012-Q4,Rancho Encantada,892667.0
92131,2012-Q4,Scripps Ranch,523333.0
92131,2013-Q1,Miramar,373667.0
92131,2013-Q1,Rancho Encantada,884667.0
92131,2013-Q1,Scripps Ranch,542667.0
92131,2013-Q2,Miramar,527667.0
92131,2013-Q2,Rancho Encantada,993667.0
92131,2013-Q2,Scripps Ranch,594667.0
92131,2013-Q3,Miramar,626000.0
92131,2013-Q3,Rancho Encantada,1060000.0
92131,2013-Q3,Scripps Ranch,630333.0
92131,2013-Q4,Miramar,586667.0
92131,2013-Q4,Rancho Encantada,1283000.0
92131,2013-Q4,Scripps Ranch,660667.0
92131,2014-Q1,Miramar,459667.0
92131,2014-Q1,Rancho Encantada,1246333.0
92131,2014-Q1,Scripps Ranch,622000.0
92131,2014-Q2,Miramar,546000.0
92131,2014-Q2,Rancho Encantada,1204667.0
92131,2014-Q2,Scripps Ranch,653667.0
92131,2014-Q3,Miramar,604000.0
92131,2014-Q3,Rancho Encantada,1152333.0
92131,2014-Q3,Scripps Ranch,641000.0
92131,2014-Q4,Miramar,512333.0
92131,2014-Q4,Rancho Encantada,1085000.0
92131,2014-Q4,Scripps Ranch,662333.0
92131,2015-Q1,Miramar,536333.0
92131,2015-Q1,Rancho Encantada,1186000.0
92131,2015-Q1,Scripps Ranch,627667.0
92131,2015-Q2,Miramar,525333.0
92131,2015-Q2,Rancho Encantada,1090667.0
92131,2015-Q2,Scripps Ranch,654333.0
92131,2015-Q3,Miramar,483333.0
92131,2015-Q3,Rancho Encantada,1175000.0
92131,2015-Q3,Scripps Ranch,655333.0
92131,2015-Q4,Miramar,485333.0
92131,2015-Q4,Rancho Encantada,1069000.0
92131,2015-Q4,Scripps Ranch,607000.0
92131,2016-Q1,Miramar,532667.0
92131,2016-Q1,Rancho Encantada,1166000.0
92131,2016-Q1,Scripps Ranch,602000.0
92131,2016-Q2,Miramar,545000.0
92131,2016-Q2,Rancho Encantada,1200000.0
92131,2016-Q2,Scripps Ranch,651000.0
92131,2016-Q3,Miramar,605667.0
92131,2016-Q3,Rancho Encantada,1033333.0
92131,2016-Q3,Scripps Ranch,718333.0
92131,2016-Q4,Miramar,650000.0
92131,2016-Q4,Rancho Encantada,1277667.0
92131,2016-Q4,Scripps Ranch,710000.0
92131,2017-Q1,Miramar,561333.0
92131,2017-Q1,Rancho Encantada,1363333.0
92131,2017-Q1,Scripps Ranch,660000.0
92131,2017-Q2,Miramar,678000.0
92131,2017-Q2,Rancho Encantada,1339333.0
92131,2017-Q2,Scripps Ranch,755000.0
92131,2017-Q3,Miramar,574667.0
92131,2017-Q3,Rancho Encantada,1372667.0
92131,2017-Q3,Scripps Ranch,719333.0
92131,2017-Q4,Miramar,697000.0
92131,2017-Q4,Rancho Encantada,1360000.0
92131,2017-Q4,Scripps Ranch,771000.0
92131,2018-Q1,Miramar,724000.0
92131,2018-Q1,Rancho Encantada,1323333.0
92131,2018-Q1,Scripps Ranch,717333.0
92131,2018-Q2,Miramar,732000.0
92131,2018-Q2,Rancho Encantada,1375000.0
92131,2018-Q2,Scripps Ranch,803000.0
92139,2012-Q1,Bay Terraces,214000.0
92139,2012-Q1,Paradise Hills,230333.0
92139,2012-Q2,Bay Terraces,218000.0
92139,2012-Q2,Paradise Hills,242000.0
92139,2012-Q3,Bay Terraces,229333.0
92139,2012-Q3,Paradise Hills,270333.0
92139,2012-Q4,Bay Terraces,237667.0
92139,2012-Q4,Paradise Hills,271667.0
92139,2013-Q1,Bay Terraces,236000.0
92139,2013-Q1,Paradise Hills,270000.0
92139,2013-Q2,Bay Terraces,240000.0
92139,2013-Q2,Paradise Hills,281667.0
92139,2013-Q3,Bay Terraces,276667.0
92139,2013-Q3,Paradise Hills,314333.0
92139,2013-Q4,Bay Terraces,279000.0
92139,2013-Q4,Paradise Hills,318000.0
92139,2014-Q1,Bay Terraces,282667.0
92139,2014-Q1,Paradise Hills,308333.0
92139,2014-Q2,Bay Terraces,308000.0
92139,2014-Q2,Paradise Hills,331000.0
92139,2014-Q3,Bay Terraces,307000.0
92139,2014-Q3,Paradise Hills,339667.0
92139,2014-Q4,Bay Terraces,299667.0
92139,2014-Q4,Paradise Hills,336333.0
92139,2015-Q1,Bay Terraces,310000.0
92139,2015-Q1,Paradise Hills,363333.0
92139,2015-Q2,Bay Terraces,336000.0
92139,2015-Q2,Paradise Hills,356000.0
92139,2015-Q3,Bay Terraces,328667.0
92139,2015-Q3,Paradise Hills,360333.0
92139,2015-Q4,Bay Terraces,326000.0
92139,2015-Q4,Paradise Hills,370333.0
92139,2016-Q1,Bay Terraces,332333.0
92139,2016-Q1,Paradise Hills,378667.0
92139,2016-Q2,Bay Terraces,344333.0
92139,2016-Q2,Paradise Hills,406333.0
92139,2016-Q3,Bay Terraces,376667.0
92139,2016-Q3,Paradise Hills,402667.0
92139,2016-Q4,Bay Terraces,355667.0
92139,2016-Q4,Paradise Hills,418333.0
92139,2017-Q1,Bay Terraces,389333.0
92139,2017-Q1,Paradise Hills,426667.0
92139,2017-Q2,Bay Terraces,375000.0
92139,2017-Q2,Paradise Hills,428333.0
92139,2017-Q3,Bay Terraces,377000.0
92139,2017-Q3,Paradise Hills,453333.0
92139,2017-Q4,Bay Terraces,422667.0
92139,2017-Q4,Paradise Hills,447333.0
92139,2018-Q1,Bay Terraces,415667.0
92139,2018-Q1,Paradise Hills,433000.0
92139,2018-Q2,Bay Terraces,432000.0
92139,2018-Q2,Paradise Hills,450000.0
92154,2012-Q1,Nestor,234333.0
92154,2012-Q1,Ocean Crest,336333.0
92154,2012-Q1,Otay Mesa,229333.0
92154,2012-Q1,Palm City,220333.0
92154,2012-Q2,Nestor,237000.0
92154,2012-Q2,Ocean Crest,331667.0
92154,2012-Q2,Otay Mesa,236333.0
92154,2012-Q2,Palm City,245000.0
92154,2012-Q3,Nestor,248000.0
92154,2012-Q3,Ocean Crest,342667.0
92154,2012-Q3,Otay Mesa,230667.0
92154,2012-Q3,Palm City,244000.0
92154,2012-Q4,Nestor,254333.0
92154,2012-Q4,Ocean Crest,336667.0
92154,2012-Q4,Otay Mesa,244000.0
92154,2012-Q4,Palm City,255000.0
92154,2013-Q1,Nestor,272000.0
92154,2013-Q1,Ocean Crest,345667.0
92154,2013-Q1,Otay Mesa,248667.0
92154,2013-Q1,Palm City,275000.0
92154,2013-Q2,Nestor,258667.0
92154,2013-Q2,Ocean Crest,362333.0
92154,2013-Q2,Otay Mesa,279667.0
92154,2013-Q2,Palm City,293000.0
92154,2013-Q3,Nestor,236000.0
92154,2013-Q3,Ocean Crest,392667.0
92154,2013-Q3,Otay Mesa,294667.0
92154,2013-Q3,Palm City,290333.0
92154,2013-Q4,Nestor,280000.0
92154,2013-Q4,Ocean Crest,409333.0
92154,2013-Q4,Otay Mesa,294000.0
92154,2013-Q4,Palm City,329333.0
92154,2014-Q1,Nestor,328333.0
92154,2014-Q1,Ocean Crest,386333.0
92154,2014-Q1,Otay Mesa,321333.0
92154,2014-Q1,Palm City,323000.0
92154,2014-Q2,Nestor,338000.0
92154,2014-Q2,Ocean Crest,425000.0
92154,2014-Q2,Otay Mesa,338000.0
92154,2014-Q2,Palm City,343000.0
92154,2014-Q3,Nestor,285000.0
92154,2014-Q3,Ocean Crest,450000.0
92154,2014-Q3,Otay Mesa,338333.0
92154,2014-Q3,Palm City,344333.0
92154,2014-Q4,Nestor,350333.0
92154,2014-Q4,Ocean Crest,460333.0
92154,2014-Q4,Otay Mesa,345000.0
92154,2014-Q4,Palm City,363667.0
92154,2015-Q1,Nestor,343333.0
92154,2015-Q1,Ocean Crest,455667.0
92154,2015-Q1,Otay Mesa,339333.0
92154,2015-Q1,Palm City,320000.0
92154,2015-Q2,Nestor,340333.0
92154,2015-Q2,Ocean Crest,459667.0
92154,2015-Q2,Otay Mesa,346000.0
92154,2015-Q2,Palm City,375000.0
92154,2015-Q3,Nestor,362333.0
92154,2015-Q3,Ocean Crest,482667.0
92154,2015-Q3,Otay Mesa,377000.0
92154,2015-Q3,Palm City,356333.0
92154,2015-Q4,Nestor,389333.0
92154,2015-Q4,Ocean Crest,502667.0
92154,2015-Q4,Otay Mesa,372000.0
92154,2015-Q4,Palm City,299667.0
92154,2016-Q1,Nestor,353333.0
92154,2016-Q1,Ocean Crest,476333.0
92154,2016-Q1,Otay Mesa,321333.0
92154,2016-Q1,Palm City,347667.0
92154,2016-Q2,Nestor,300000.0
92154,2016-Q2,Ocean Crest,474333.0
92154,2016-Q2,Otay Mesa,386667.0
92154,2016-Q2,Palm City,425000.0
92154,2016-Q3,Nestor,362333.0
92154,2016-Q3,Ocean Crest,500000.0
92154,2016-Q3,Otay Mesa,390667.0
92154,2016-Q3,Palm City,399000.0
92154,2016-Q4,Nestor,348333.0
92154,2016-Q4,Ocean Crest,512000.0
92154,2016-Q4,Otay Mesa,402333.0
92154,2016-Q4,Palm City,384000.0
92154,2017-Q1,Nestor,395667.0
92154,2017-Q1,Ocean Crest,523000.0
92154,2017-Q1,Otay Mesa,393000.0
92154,2017-Q1,Palm City,387667.0
92154,2017-Q2,Nestor,400000.0
92154,2017-Q2,Ocean Crest,505000.0
92154,2017-Q2,Otay Mesa,415000.0
92154,2017-Q2,Palm City,415000.0
92154,2017-Q3,Nestor,426000.0
92154,2017-Q3,Ocean Crest,533667.0
92154,2017-Q3,Otay Mesa,434000.0
92154,2017-Q3,Palm City,442667.0
92154,2017-Q4,Nestor,410000.0
92154,2017-Q4,Ocean Crest,544000.0
92154,2017-Q4,Otay Mesa,407667.0
92154,2017-Q4,Palm City,590333.0
92154,2018-Q1,Nestor,452000.0
92154,2018-Q1,Ocean Crest,540000.0
92154,2018-Q1,Otay Mesa,419333.0
92154,2018-Q1,Palm City,463333.0
92154,2018-Q2,Nestor,400000.0
92154,2018-Q2,Ocean Crest,550000.0
92154,2018-Q2,Otay Mesa,457000.0
92154,2018-Q2,Palm City,413000.0
92173,2012-Q1,San Ysidro,155667.0
92173,2012-Q2,San Ysidro,201333.0
92173,2012-Q3,San Ysidro,214333.0
92173,2012-Q4,San Ysidro,261667.0
92173,2013-Q1,San Ysidro,310333.0
92173,2013-Q2,San Ysidro,309000.0
92173,2013-Q3,San Ysidro,291333.0
92173,2013-Q4,San Ysidro,235000.0
92173,2014-Q1,San Ysidro,240000.0
92173,2014-Q2,San Ysidro,318333.0
92173,2014-Q3,San Ysidro,336667.0
92173,2014-Q4,San Ysidro,350000.0
92173,2015-Q1,San Ysidro,308333.0
92173,2015-Q2,San Ysidro,346000.0
92173,2015-Q3,San Ysidro,361000.0
92173,2015-Q4,San Ysidro,362667.0
92173,2016-Q1,San Ysidro,375333.0
92173,2016-Q2,San Ysidro,404000.0
92173,2016-Q3,San Ysidro,390333.0
92173,2016-Q4,San Ysidro,423667.0
92173,2017-Q1,San Ysidro,384000.0
92173,2017-Q2,San Ysidro,409333.0
92173,2017-Q3,San Ysidro,414333.0
92173,2017-Q4,San Ysidro,428333.0
92173,2018-Q1,San Ysidro,409333.0
92173,2018-Q2,San Ysidro,315000.0
